Horodatage;NOG 2SEP992QD;NOG 2SEP992QD_Qualite;NOG 1SEP992QD;NOG 1SEP992QD_Qualite;NOG 0SEP998QD;NOG 0SEP998QD_Qualite;NOG 0SEP999QD;NOG 0SEP999QD_Qualite;NOG 1SEP991QD;NOG 1SEP991QD_Qualite;NOG 2SEP991QD;NOG 2SEP991QD_Qualite
19/12/2019 21:02;;;;;2742;GOOD;6538;GOOD;;;;
26/12/2019 21:07;9280;GOOD;;;2742;GOOD;6538;GOOD;;;3061;GOOD
26/12/2019 21:12;9280;GOOD;18564;GOOD;2742;GOOD;6538;GOOD;5068;GOOD;3061;GOOD
02/01/2020 21:00;9280;GOOD;18567;GOOD;2746;GOOD;6548;GOOD;5069;GOOD;3061;GOOD
02/01/2020 21:08;9286;GOOD;18567;GOOD;2746;GOOD;6548;GOOD;5069;GOOD;3062;GOOD
09/01/2020 21:12;9286;GOOD;18573;GOOD;2752;GOOD;6548;GOOD;5069;GOOD;3062;GOOD
09/01/2020 22:48;9291;GOOD;18573;GOOD;2752;GOOD;6548;GOOD;5069;GOOD;3064;GOOD
16/01/2020 21:22;9298;GOOD;18573;GOOD;2752;GOOD;6548;GOOD;5069;GOOD;3069;GOOD
16/01/2020 21:25;9298;GOOD;18580,7;GOOD;2748;GOOD;6550;GOOD;5069;GOOD;3069;GOOD
17/01/2020 01:05;9298;GOOD;18580,7;GOOD;2748;GOOD;6550;GOOD;5071;GOOD;3069;GOOD
23/01/2020 21:14;9298;GOOD;18586;GOOD;2748;GOOD;6550;GOOD;5073;GOOD;3069;GOOD
23/01/2020 21:22;9305;GOOD;18586;GOOD;2748;GOOD;6550;GOOD;5073;GOOD;3065;GOOD
30/01/2020 21:09;9305;GOOD;18593;GOOD;2748;GOOD;6550;GOOD;5075;GOOD;3065;GOOD
30/01/2020 21:14;9314;GOOD;18593;GOOD;2748;GOOD;6550;GOOD;5075;GOOD;3065;GOOD
06/02/2020 21:04;9314;GOOD;18600;GOOD;2752;GOOD;6576;GOOD;5075;GOOD;3065;GOOD
06/02/2020 21:07;9323;GOOD;18600;GOOD;2752;GOOD;6576;GOOD;5075;GOOD;3068;GOOD
13/02/2020 21:04;9337;GOOD;18600;GOOD;2752;GOOD;6576;GOOD;5075;GOOD;3068;GOOD
13/02/2020 22:29;9337;GOOD;18611;GOOD;2753;GOOD;6577;GOOD;5080;GOOD;3068;GOOD
20/02/2020 21:01;9337;GOOD;18617;GOOD;2753;GOOD;6577;GOOD;5081;GOOD;3068;GOOD
27/02/2020 21:09;9337;GOOD;18625;GOOD;2755;GOOD;6579;GOOD;5082;GOOD;3068;GOOD
05/03/2020 21:11;9337;GOOD;18630;GOOD;2772;GOOD;6635;GOOD;5083;GOOD;3068;GOOD
05/03/2020 22:23;9441;GOOD;18630;GOOD;2772;GOOD;6635;GOOD;5083;GOOD;3068;GOOD
12/03/2020 21:11;9441;GOOD;18636;GOOD;2776,5;GOOD;6641;GOOD;5085,1;GOOD;3068;GOOD
12/03/2020 22:15;9449;GOOD;18636;GOOD;2776,5;GOOD;6641;GOOD;5085,1;GOOD;3068;GOOD
19/03/2020 21:01;9516;GOOD;18636;GOOD;2776,5;GOOD;6641;GOOD;5085,1;GOOD;3068;GOOD
19/03/2020 21:02;9516;GOOD;18640;GOOD;2781;GOOD;6645;GOOD;5086;GOOD;3068;GOOD
26/03/2020 21:03;9516;GOOD;18645;GOOD;2783;GOOD;6642,81;GOOD;5086;GOOD;3068;GOOD
26/03/2020 21:08;9540;GOOD;18645;GOOD;2783;GOOD;6642,81;GOOD;5086;GOOD;3068;GOOD
02/04/2020 21:01;9576;GOOD;18645;GOOD;2783;GOOD;6642,81;GOOD;5086;GOOD;3068;GOOD
02/04/2020 21:13;9576;GOOD;18652;GOOD;2783;GOOD;6642,81;GOOD;5086;GOOD;3068;GOOD
09/04/2020 21:00;9576;GOOD;18657;GOOD;2783;GOOD;6642,81;GOOD;5086;GOOD;3068;GOOD
09/04/2020 21:11;9619;GOOD;18657;GOOD;2783;GOOD;6642,81;GOOD;5086;GOOD;3068;GOOD
16/04/2020 21:01;9649;GOOD;18657;GOOD;2783;GOOD;6642,81;GOOD;5086;GOOD;3068;GOOD
16/04/2020 21:11;9649;GOOD;18667;GOOD;2783;GOOD;6642,81;GOOD;5086;GOOD;3068;GOOD
23/04/2020 21:09;9649;GOOD;18676;GOOD;2799;GOOD;6645;GOOD;5086;GOOD;3068;GOOD
23/04/2020 21:10;9683;GOOD;18676;GOOD;2799;GOOD;6645;GOOD;5088,8;GOOD;3068;GOOD
30/04/2020 21:11;9737;GOOD;18676;GOOD;2799;GOOD;6645;GOOD;5089,4;GOOD;3068;GOOD
07/05/2020 21:12;9772;GOOD;18676;GOOD;2799;GOOD;6645;GOOD;5089,4;GOOD;3068;GOOD
07/05/2020 21:32;9772;GOOD;18683;GOOD;2808;GOOD;6646;GOOD;5089,4;GOOD;3068;GOOD
14/05/2020 21:11;9810;GOOD;18683;GOOD;2808;GOOD;6646;GOOD;5089,4;GOOD;3068;GOOD
14/05/2020 21:15;9810;GOOD;18687;GOOD;2810;GOOD;6646,96;GOOD;5090;GOOD;3068;GOOD
21/05/2020 21:09;9844;GOOD;18687;GOOD;2810;GOOD;6646,96;GOOD;5090;GOOD;3068;GOOD
21/05/2020 21:10;9844;GOOD;18687;GOOD;2810;GOOD;6646,96;GOOD;5090;GOOD;3119,14;GOOD
21/05/2020 21:14;9844;GOOD;186927;GOOD;2810;GOOD;6646,96;GOOD;5090;GOOD;3119,14;GOOD
28/05/2020 21:15;9844;GOOD;186927;GOOD;2810;GOOD;6646,96;GOOD;5090;GOOD;3133;GOOD
28/05/2020 22:22;9844;GOOD;18711,39;GOOD;2810;GOOD;6646,96;GOOD;5090;GOOD;3133;GOOD
04/06/2020 21:05;9906;GOOD;18711,39;GOOD;2810;GOOD;6646,96;GOOD;5090;GOOD;3133;GOOD
04/06/2020 21:23;9906;GOOD;18743,1;GOOD;2810;GOOD;6646,96;GOOD;5090;GOOD;3133;GOOD
11/06/2020 21:09;9952;GOOD;18743,1;GOOD;2810;GOOD;6646,96;GOOD;5090;GOOD;3133;GOOD
11/06/2020 21:14;9952;GOOD;18755,2;GOOD;2810;GOOD;6646,96;GOOD;5093;GOOD;3133;GOOD
18/06/2020 21:26;9990;GOOD;18807;GOOD;2810;GOOD;6646,96;GOOD;5094,8;GOOD;3133;GOOD
25/06/2020 21:10;1027;GOOD;18807;GOOD;2810;GOOD;6646,96;GOOD;5094,8;GOOD;3135;GOOD
25/06/2020 21:11;1027;GOOD;18831;GOOD;2810;GOOD;6646,96;GOOD;5096;GOOD;3135;GOOD
02/07/2020 21:00;1027;GOOD;18837;GOOD;2848;GOOD;6655,1;GOOD;5097;GOOD;3135;GOOD
02/07/2020 21:05;10055;GOOD;18837;GOOD;2848;GOOD;6655,1;GOOD;5097;GOOD;3137;GOOD
09/07/2020 21:05;10088;GOOD;18837;GOOD;2848;GOOD;6655,1;GOOD;5097;GOOD;3139;GOOD
09/07/2020 21:09;10088;GOOD;18860;GOOD;2848;GOOD;6655,1;GOOD;5098;GOOD;3139;GOOD
16/07/2020 21:03;10088;GOOD;18870;GOOD;2856;GOOD;6656,23;GOOD;5099;GOOD;3139;GOOD
16/07/2020 21:11;10116;GOOD;18870;GOOD;2856;GOOD;6656,23;GOOD;5099;GOOD;3141,9;GOOD
23/07/2020 21:04;10116;GOOD;18870;GOOD;2856;GOOD;6656,23;GOOD;5099;GOOD;3143;GOOD
23/07/2020 21:08;10116;GOOD;18856;GOOD;2876,8;GOOD;6660,37;GOOD;5100;GOOD;3143;GOOD
30/07/2020 21:07;10116;GOOD;18863;GOOD;2898,4;GOOD;6662,51;GOOD;5101,44;GOOD;3143;GOOD
30/07/2020 21:10;10151;GOOD;18863;GOOD;2898,4;GOOD;6662,51;GOOD;5101,44;GOOD;3143;GOOD
06/08/2020 21:03;10151;GOOD;18873;GOOD;2919,2;GOOD;6664,14;GOOD;5102,62;GOOD;3143;GOOD
06/08/2020 22:08;10160;GOOD;18873;GOOD;2919,2;GOOD;6664,14;GOOD;5102,62;GOOD;3143;GOOD
13/08/2020 21:08;10160;GOOD;18886;GOOD;2939;GOOD;6665;GOOD;5103,35;GOOD;3143;GOOD
13/08/2020 21:17;10167;GOOD;18886;GOOD;2939;GOOD;6665;GOOD;5103,35;GOOD;3143;GOOD
20/08/2020 21:07;10167;GOOD;18885,5;GOOD;2891;GOOD;6663,89;GOOD;5104;GOOD;3143;GOOD
20/08/2020 21:08;10175;GOOD;18885,5;GOOD;2891;GOOD;6663,89;GOOD;5104;GOOD;3143;GOOD
27/08/2020 21:11;10181;GOOD;18885,5;GOOD;2891;GOOD;6663,89;GOOD;5104;GOOD;3152;GOOD
27/08/2020 21:19;10181;GOOD;18893;GOOD;2891;GOOD;6663,89;GOOD;5104;GOOD;3152;GOOD
03/09/2020 21:01;10187;GOOD;18902;GOOD;2893;GOOD;6664,9;GOOD;5105;GOOD;3153,08;GOOD
10/09/2020 21:00;10193;GOOD;18902;GOOD;2893;GOOD;6664,9;GOOD;5105;GOOD;3153,83;GOOD
10/09/2020 21:16;10193;GOOD;18910;GOOD;2893;GOOD;6664,9;GOOD;5106;GOOD;3153,83;GOOD
17/09/2020 21:00;10199;GOOD;18910;GOOD;2893;GOOD;6664,9;GOOD;5106;GOOD;3155,71;GOOD
17/09/2020 21:01;10199;GOOD;18917;GOOD;2902,3;GOOD;6665,9;GOOD;5107;GOOD;3155,71;GOOD
24/09/2020 21:06;10199;GOOD;18926,7;GOOD;2902,3;GOOD;6665,9;GOOD;5107;GOOD;3155,71;GOOD
24/09/2020 21:27;10206;GOOD;18926,7;GOOD;2902,3;GOOD;6665,9;GOOD;5107;GOOD;3157,6;GOOD
01/10/2020 21:10;10206;GOOD;18935,9;GOOD;2910;GOOD;6667;GOOD;5108;GOOD;3157,6;GOOD
01/10/2020 21:14;10206;GOOD;18935,9;GOOD;2910;GOOD;6667;GOOD;5108;GOOD;3158,6;GOOD
08/10/2020 21:02;10206;GOOD;18943;GOOD;2910;GOOD;6667;GOOD;5109;GOOD;3158,6;GOOD
08/10/2020 21:03;10206;GOOD;18943;GOOD;2930;GOOD;6670;GOOD;5109;GOOD;3158,6;GOOD
08/10/2020 21:17;10219;GOOD;18943;GOOD;2930;GOOD;6670;GOOD;5109;GOOD;3159;GOOD
15/10/2020 21:10;10225;GOOD;18943;GOOD;2930;GOOD;6670;GOOD;5109;GOOD;3159;GOOD
15/10/2020 21:18;10225;GOOD;18954;GOOD;2935;GOOD;6672;GOOD;5110;GOOD;3159;GOOD
22/10/2020 21:00;10229,85;GOOD;18954;GOOD;2935;GOOD;6672;GOOD;5110;GOOD;3160;GOOD
22/10/2020 21:02;10229,85;GOOD;18963;GOOD;2916;GOOD;6671;GOOD;5110;GOOD;3160;GOOD
29/10/2020 21:08;10229,85;GOOD;18972;GOOD;2937;GOOD;6671;GOOD;5111;GOOD;3160;GOOD
29/10/2020 21:11;10233,77;GOOD;18972;GOOD;2937;GOOD;6671;GOOD;5111;GOOD;3160;GOOD
05/11/2020 21:07;10233,77;GOOD;18981;GOOD;2937;GOOD;6672;GOOD;5113;GOOD;3160;GOOD
12/11/2020 21:05;10233,77;GOOD;18988;GOOD;2937;GOOD;6672;GOOD;5114;GOOD;3160;GOOD
12/11/2020 21:23;10245,56;GOOD;18988;GOOD;2937;GOOD;6672;GOOD;5114;GOOD;3160;GOOD
19/11/2020 21:01;10251,78;GOOD;18988;GOOD;2937;GOOD;6672;GOOD;5114;GOOD;3161,7;GOOD
19/11/2020 22:18;10251,78;GOOD;18992;GOOD;2937;GOOD;6672;GOOD;5117;GOOD;3161,7;GOOD
26/11/2020 21:10;10251,78;GOOD;19005;GOOD;2937;GOOD;6672;GOOD;5117;GOOD;3161,7;GOOD
26/11/2020 22:27;10257;GOOD;19005;GOOD;2937;GOOD;6672;GOOD;5117;GOOD;3162;GOOD
03/12/2020 21:02;10257;GOOD;19013;GOOD;2941;GOOD;6677;GOOD;5124;GOOD;3162;GOOD
03/12/2020 21:11;10262;GOOD;19013;GOOD;2941;GOOD;6677;GOOD;5124;GOOD;3162;GOOD
10/12/2020 21:03;10267;GOOD;19013;GOOD;2941;GOOD;6677;GOOD;5124;GOOD;3162;GOOD
10/12/2020 21:13;10267;GOOD;19022,7;GOOD;2943;GOOD;6677;GOOD;5125;GOOD;3162;GOOD
17/12/2020 21:04;10269;GOOD;19022,7;GOOD;2943;GOOD;6677;GOOD;5125;GOOD;3164,38;GOOD
17/12/2020 21:06;10269;GOOD;19031,7;GOOD;2945;GOOD;6679;GOOD;5125;GOOD;3164,38;GOOD
17/12/2020 23:06;10269;GOOD;19031,7;GOOD;2945;GOOD;6679;GOOD;5135,53;GOOD;3164,38;GOOD
24/12/2020 21:22;10271;GOOD;19031,7;GOOD;2945;GOOD;6679;GOOD;5135,53;GOOD;3165;GOOD
24/12/2020 22:43;10271;GOOD;19039,3;GOOD;2946,5;GOOD;6678,211;GOOD;5135,53;GOOD;3165;GOOD
31/12/2020 21:04;10271;GOOD;19044,8;GOOD;2946,5;GOOD;6678,211;GOOD;5152,7;GOOD;3165;GOOD
31/12/2020 21:05;10279;GOOD;19044,8;GOOD;2946,5;GOOD;6678,211;GOOD;5152,7;GOOD;3165;GOOD
07/01/2021 21:11;10279;GOOD;19052,7;GOOD;2946,5;GOOD;6679;GOOD;5164,77;GOOD;3165;GOOD
07/01/2021 22:29;10287;GOOD;19052,7;GOOD;2946,5;GOOD;6679;GOOD;5164,77;GOOD;3165;GOOD
14/01/2021 21:07;10298;GOOD;19052,7;GOOD;2946,5;GOOD;6679;GOOD;5164,77;GOOD;3165;GOOD
14/01/2021 21:09;10298;GOOD;19063,4;GOOD;2946,5;GOOD;6679;GOOD;5179;GOOD;3165;GOOD
21/01/2021 21:07;10324;GOOD;19063,4;GOOD;2946,5;GOOD;6679;GOOD;5179;GOOD;3168;GOOD
21/01/2021 21:16;10324;GOOD;19073,3;GOOD;2951;GOOD;6679,133;GOOD;5198;GOOD;3168;GOOD
28/01/2021 21:00;10331;GOOD;19073,3;GOOD;2951;GOOD;6679,133;GOOD;5198;GOOD;3169;GOOD
28/01/2021 21:07;10331;GOOD;19084;GOOD;2952;GOOD;6680,487;GOOD;5215;GOOD;3169;GOOD
04/02/2021 21:00;10337;GOOD;19084;GOOD;2952;GOOD;6680,487;GOOD;5215;GOOD;3171;GOOD
04/02/2021 21:08;10337;GOOD;19092,7;GOOD;2953,8;GOOD;6680,82;GOOD;5215;GOOD;3171;GOOD
11/02/2021 21:00;10337;GOOD;19092,7;GOOD;2953,8;GOOD;6680,82;GOOD;5215;GOOD;3172;GOOD
11/02/2021 21:23;10337;GOOD;19105,19;GOOD;2961;GOOD;6680,82;GOOD;5257;GOOD;3172;GOOD
18/02/2021 21:00;10359;GOOD;19105,19;GOOD;2961;GOOD;6680,82;GOOD;5257;GOOD;3174;GOOD
18/02/2021 21:13;10359;GOOD;19136;GOOD;2969;GOOD;6680,82;GOOD;5257;GOOD;3174;GOOD
25/02/2021 21:00;10366;GOOD;19128,03;GOOD;2969;GOOD;6680,82;GOOD;5257;GOOD;3174;GOOD
04/03/2021 21:10;10366;GOOD;19152,73;GOOD;2969;GOOD;6680,82;GOOD;5257;GOOD;3174;GOOD
04/03/2021 21:15;10390;GOOD;19152,73;GOOD;2969;GOOD;6680,82;GOOD;5257;GOOD;3175;GOOD
11/03/2021 21:03;10407;GOOD;19152,73;GOOD;2969;GOOD;6680,82;GOOD;5257;GOOD;3176;GOOD
11/03/2021 21:27;10407;GOOD;19156,92;GOOD;2969;GOOD;6680,82;GOOD;5257;GOOD;3176;GOOD
18/03/2021 21:00;10412,9;GOOD;19156,92;GOOD;2969;GOOD;6680,82;GOOD;5257;GOOD;3176;GOOD
18/03/2021 22:09;10412,9;GOOD;19224,87;GOOD;2969;GOOD;6680,82;GOOD;5486;GOOD;3176;GOOD
25/03/2021 21:07;10419,4;GOOD;19224,87;GOOD;2969;GOOD;6680,82;GOOD;5486;GOOD;3177;GOOD
25/03/2021 21:49;10419,4;GOOD;19253;GOOD;2969;GOOD;6680,82;GOOD;5486;GOOD;3177;GOOD
01/04/2021 21:00;10424,7;GOOD;19253;GOOD;2969;GOOD;6680,82;GOOD;5486;GOOD;3177;GOOD
01/04/2021 22:19;10424,7;GOOD;19277;GOOD;2997;GOOD;6680,82;GOOD;5547,91;GOOD;3177;GOOD
08/04/2021 21:10;10432,3;GOOD;19277;GOOD;2997;GOOD;6680,82;GOOD;5547,91;GOOD;3177;GOOD
08/04/2021 22:30;10432,3;GOOD;19277;GOOD;2997;GOOD;6685,39;GOOD;5547,91;GOOD;3177;GOOD
15/04/2021 21:15;10432,3;GOOD;19306,39;GOOD;2997;GOOD;6686,02;GOOD;5608;GOOD;3177;GOOD
15/04/2021 21:23;10437,9;GOOD;19306,39;GOOD;2997;GOOD;6686,02;GOOD;5608;GOOD;3177;GOOD
22/04/2021 21:07;10437,9;GOOD;19313,32;GOOD;2997;GOOD;6686,02;GOOD;5631;GOOD;3177;GOOD
22/04/2021 21:09;10448,4;GOOD;19313,32;GOOD;2997;GOOD;6686,02;GOOD;5631;GOOD;3178;GOOD
29/04/2021 21:00;10448,4;GOOD;19320,24;GOOD;2997;GOOD;6686,02;GOOD;5631;GOOD;3178;GOOD
29/04/2021 21:08;10455,14;GOOD;19320,24;GOOD;2997;GOOD;6686,02;GOOD;5631;GOOD;3178;GOOD
06/05/2021 21:00;10455,14;GOOD;19327,56;GOOD;2997;GOOD;6686,02;GOOD;5631;GOOD;3178;GOOD
06/05/2021 21:01;10462,37;GOOD;19327,56;GOOD;2997;GOOD;6686,02;GOOD;5631;GOOD;3184;GOOD
13/05/2021 21:12;10469,21;GOOD;19327,56;GOOD;2997;GOOD;6686,02;GOOD;5631;GOOD;3184;GOOD
14/05/2021 02:55;10469,21;GOOD;19333,76;GOOD;2997;GOOD;6686,02;GOOD;5631;GOOD;3184;GOOD
14/05/2021 02:56;10469,21;GOOD;19333,76;GOOD;2997;GOOD;6686,02;GOOD;5735,7;GOOD;3184;GOOD
20/05/2021 21:05;10481,64;GOOD;19333,76;GOOD;2997;GOOD;6686,02;GOOD;5735,7;GOOD;3187;GOOD
20/05/2021 21:12;10481,64;GOOD;19340,8;GOOD;2997;GOOD;6686,02;GOOD;5758;GOOD;3187;GOOD
27/05/2021 21:15;10488,95;GOOD;19340,8;GOOD;2997;GOOD;6686,02;GOOD;5758;GOOD;3187;GOOD
28/05/2021 01:30;10488,95;GOOD;19340,8;GOOD;2997;GOOD;6686,02;GOOD;0;GOOD;3187;GOOD
28/05/2021 02:15;10488,95;GOOD;19346;GOOD;2997;GOOD;6686,02;GOOD;0;GOOD;3187;GOOD
03/06/2021 21:01;10488,95;GOOD;19354;GOOD;2997;GOOD;6686,02;GOOD;1;GOOD;3187;GOOD
03/06/2021 21:13;10497,5;GOOD;19354;GOOD;2997;GOOD;6686,02;GOOD;1;GOOD;3188;GOOD
10/06/2021 21:24;10508,5;GOOD;19354;GOOD;2997;GOOD;6686,02;GOOD;1;GOOD;3188;GOOD
10/06/2021 21:52;10508,5;GOOD;19360;GOOD;2997;GOOD;6686,02;GOOD;1,15;GOOD;3188;GOOD
17/06/2021 21:02;10515;GOOD;19360;GOOD;2997;GOOD;6686,02;GOOD;1,15;GOOD;3207;GOOD
17/06/2021 21:14;10515;GOOD;19370;GOOD;2997;GOOD;6686,02;GOOD;1,15;GOOD;3207;GOOD
24/06/2021 21:01;10521;GOOD;19370;GOOD;2997;GOOD;6686,02;GOOD;1,15;GOOD;3207;GOOD
24/06/2021 21:05;10521;GOOD;19376;GOOD;2997;GOOD;6686,02;GOOD;5905,85;GOOD;3207;GOOD
01/07/2021 21:03;10527;GOOD;19376;GOOD;2997;GOOD;6686,02;GOOD;5905,85;GOOD;3242;GOOD
01/07/2021 21:11;10527;GOOD;19387;GOOD;2997;GOOD;6686,02;GOOD;5905,85;GOOD;3242;GOOD
08/07/2021 21:03;10539,13;GOOD;19387;GOOD;2997;GOOD;6686,02;GOOD;5905,85;GOOD;3242;GOOD
08/07/2021 23:47;10539,13;GOOD;19395;GOOD;2997;GOOD;6686,02;GOOD;5905,85;GOOD;3242;GOOD
09/07/2021 03:02;10539,13;GOOD;19395;GOOD;2997;GOOD;6698;GOOD;5905,85;GOOD;3242;GOOD
09/07/2021 03:03;10539,13;GOOD;19395;GOOD;3058;GOOD;6698;GOOD;5905,85;GOOD;3242;GOOD
15/07/2021 23:11;10539,13;GOOD;19395;GOOD;3058;GOOD;6698;GOOD;6025;GOOD;3242;GOOD
15/07/2021 23:43;10548;GOOD;19395;GOOD;3058;GOOD;6698;GOOD;6025;GOOD;3242;GOOD
15/07/2021 23:49;10548;GOOD;19402,6;GOOD;3058;GOOD;6698;GOOD;6025;GOOD;3242;GOOD
16/07/2021 00:16;10548;GOOD;19402,6;GOOD;3058;GOOD;6698;GOOD;6025;GOOD;3243;GOOD
22/07/2021 21:09;10559;GOOD;19402,6;GOOD;3058;GOOD;6698;GOOD;6025;GOOD;3243;GOOD
22/07/2021 23:04;10559;GOOD;19402,6;GOOD;3058;GOOD;6698;GOOD;6070;GOOD;3243;GOOD
22/07/2021 23:27;10559;GOOD;19402,6;GOOD;3063;GOOD;6698;GOOD;6070;GOOD;3243;GOOD
22/07/2021 23:44;10559;GOOD;19404;GOOD;3063;GOOD;6698;GOOD;6070;GOOD;3243;GOOD
29/07/2021 22:46;10559;GOOD;19404;GOOD;3063;GOOD;6698;GOOD;6070;GOOD;3244;GOOD
30/07/2021 00:02;10559;GOOD;19404;GOOD;3063;GOOD;6698;GOOD;6117;GOOD;3244;GOOD
30/07/2021 00:28;10559;GOOD;19404;GOOD;3068;GOOD;6698;GOOD;6117;GOOD;3244;GOOD
30/07/2021 00:35;10559;GOOD;19417;GOOD;3068;GOOD;6698;GOOD;6117;GOOD;3244;GOOD
05/08/2021 21:12;10600;GOOD;19417;GOOD;3068;GOOD;6698;GOOD;6117;GOOD;3244;GOOD
06/08/2021 00:11;10600;GOOD;19417;GOOD;3068;GOOD;6698;GOOD;6166;GOOD;3244;GOOD
06/08/2021 00:42;10600;GOOD;19424;GOOD;3068;GOOD;6698;GOOD;6166;GOOD;3244;GOOD
06/08/2021 03:03;10600;GOOD;19424;GOOD;3069;GOOD;6698;GOOD;6166;GOOD;3244;GOOD
12/08/2021 21:04;10600;GOOD;19424;GOOD;3069;GOOD;6698;GOOD;6166;GOOD;3322;GOOD
12/08/2021 22:14;10600;GOOD;19431;GOOD;3069;GOOD;6698;GOOD;6166;GOOD;3322;GOOD
12/08/2021 23:34;10613;GOOD;19431;GOOD;3069;GOOD;6698;GOOD;6166;GOOD;3322;GOOD
13/08/2021 00:10;10613;GOOD;19431;GOOD;3071;GOOD;6698;GOOD;6166;GOOD;3322;GOOD
19/08/2021 23:31;10613;GOOD;19431;GOOD;3071;GOOD;6698;GOOD;6166;GOOD;3372;GOOD
19/08/2021 23:44;10620;GOOD;19431;GOOD;3071;GOOD;6698;GOOD;6166;GOOD;3372;GOOD
19/08/2021 23:46;10620;GOOD;19437;GOOD;3071;GOOD;6698;GOOD;6166;GOOD;3372;GOOD
20/08/2021 00:18;10620;GOOD;19437;GOOD;3071;GOOD;6698;GOOD;6218;GOOD;3372;GOOD
26/08/2021 21:02;10626;GOOD;19437;GOOD;3071;GOOD;6698;GOOD;6218;GOOD;3372;GOOD
26/08/2021 22:22;10626;GOOD;19437;GOOD;3071;GOOD;6698;GOOD;6218;GOOD;4373;GOOD
26/08/2021 22:41;10626;GOOD;19444;GOOD;3071;GOOD;6698;GOOD;6218;GOOD;4373;GOOD
26/08/2021 23:18;10626;GOOD;19444;GOOD;3080;GOOD;6698;GOOD;6218;GOOD;4373;GOOD
02/09/2021 23:58;10626;GOOD;19451;GOOD;3080;GOOD;6698;GOOD;6218;GOOD;4373;GOOD
03/09/2021 00:40;10626;GOOD;19451;GOOD;3080;GOOD;6698;GOOD;6218;GOOD;4374;GOOD
03/09/2021 01:02;10636;GOOD;19451;GOOD;3080;GOOD;6698;GOOD;6218;GOOD;4374;GOOD
03/09/2021 02:32;10636;GOOD;19451;GOOD;3080;GOOD;6698;GOOD;4355;GOOD;4374;GOOD
09/09/2021 23:07;10636;GOOD;19458;GOOD;3080;GOOD;6698;GOOD;4355;GOOD;4374;GOOD
09/09/2021 23:22;10636;GOOD;19458;GOOD;3080;GOOD;6698;GOOD;4355;GOOD;4375;GOOD
09/09/2021 23:36;10636;GOOD;19458;GOOD;3080;GOOD;6698;GOOD;4555;GOOD;4375;GOOD
10/09/2021 00:01;10647;GOOD;19458;GOOD;3080;GOOD;6698;GOOD;4555;GOOD;4375;GOOD
17/09/2021 00:01;10647;GOOD;19458;GOOD;3080;GOOD;6698;GOOD;6302;GOOD;4375;GOOD
23/09/2021 21:53;10675;GOOD;19458;GOOD;3080;GOOD;6698;GOOD;6302;GOOD;4375;GOOD
23/09/2021 22:53;10675;GOOD;19458;GOOD;3080;GOOD;6698;GOOD;6302;GOOD;4416;GOOD
23/09/2021 23:59;10675;GOOD;19473,54;GOOD;3080;GOOD;6698;GOOD;6302;GOOD;4416;GOOD
24/09/2021 00:48;10675;GOOD;19473,54;GOOD;3080;GOOD;6698;GOOD;6322;GOOD;4416;GOOD
30/09/2021 21:08;10675;GOOD;19473,54;GOOD;3080;GOOD;6698;GOOD;6322;GOOD;4418;GOOD
30/09/2021 21:09;10696;GOOD;19473,54;GOOD;3080;GOOD;6698;GOOD;6322;GOOD;4418;GOOD
30/09/2021 23:39;10696;GOOD;19481;GOOD;3080;GOOD;6698;GOOD;6322;GOOD;4418;GOOD
01/10/2021 00:55;10696;GOOD;19481;GOOD;3080;GOOD;6698;GOOD;5287;GOOD;4418;GOOD
01/10/2021 05:07;10696;GOOD;19481;GOOD;3107;GOOD;6698;GOOD;5287;GOOD;4418;GOOD
01/10/2021 05:07;10696;GOOD;19481;GOOD;3107;GOOD;6686,02;GOOD;5287;GOOD;4418;GOOD
07/10/2021 22:45;10696;GOOD;19481;GOOD;3107;GOOD;6686,02;GOOD;5287;GOOD;4420;GOOD
07/10/2021 23:03;10719;GOOD;19481;GOOD;3107;GOOD;6686,02;GOOD;5287;GOOD;4420;GOOD
08/10/2021 00:24;10719;GOOD;19481;GOOD;3107;GOOD;6686,02;GOOD;5647;GOOD;4420;GOOD
08/10/2021 03:52;10719;GOOD;19489;GOOD;3107;GOOD;6686,02;GOOD;5647;GOOD;4420;GOOD
14/10/2021 23:21;10719;GOOD;19497;GOOD;3107;GOOD;6686,02;GOOD;5647;GOOD;4420;GOOD
14/10/2021 23:34;10739;GOOD;19497;GOOD;3107;GOOD;6686,02;GOOD;5647;GOOD;4420;GOOD
15/10/2021 00:24;10739;GOOD;19497;GOOD;3107;GOOD;6686,02;GOOD;6017;GOOD;4420;GOOD
15/10/2021 01:52;10739;GOOD;19497;GOOD;3107;GOOD;6686,02;GOOD;6017;GOOD;4423;GOOD
15/10/2021 02:21;10739;GOOD;19497;GOOD;3113;GOOD;6686,02;GOOD;6017;GOOD;4423;GOOD
15/10/2021 02:25;10739;GOOD;19497;GOOD;3113;GOOD;6709;GOOD;6017;GOOD;4423;GOOD
22/10/2021 00:04;10761;GOOD;19497;GOOD;3113;GOOD;6709;GOOD;6017;GOOD;4423;GOOD
22/10/2021 00:43;10761;GOOD;19497;GOOD;3113;GOOD;6709;GOOD;6187;GOOD;4423;GOOD
22/10/2021 01:32;10761;GOOD;19505;GOOD;3113;GOOD;6709;GOOD;6187;GOOD;4423;GOOD
22/10/2021 04:54;10761;GOOD;19505;GOOD;3116;GOOD;6709;GOOD;6187;GOOD;4423;GOOD
22/10/2021 04:56;10761;GOOD;19505;GOOD;3116;GOOD;6710;GOOD;6187;GOOD;4423;GOOD
28/10/2021 23:04;10777;GOOD;19505;GOOD;3116;GOOD;6710;GOOD;6187;GOOD;4423;GOOD
28/10/2021 23:07;10777;GOOD;19505;GOOD;3116;GOOD;6710;GOOD;6533;GOOD;4423;GOOD
28/10/2021 23:33;10777;GOOD;19512;GOOD;3116;GOOD;6710;GOOD;6533;GOOD;4423;GOOD
04/11/2021 21:18;10820;GOOD;19512;GOOD;3116;GOOD;6710;GOOD;6533;GOOD;4423;GOOD
04/11/2021 22:26;10820;GOOD;19518;GOOD;3116;GOOD;6710;GOOD;6533;GOOD;4423;GOOD
04/11/2021 23:06;10820;GOOD;19518;GOOD;3116;GOOD;6710;GOOD;6533;GOOD;4426;GOOD
04/11/2021 23:12;10820;GOOD;19518;GOOD;3116;GOOD;6710;GOOD;6219;GOOD;4426;GOOD
04/11/2021 23:40;10820;GOOD;19518;GOOD;3123;GOOD;6710;GOOD;6219;GOOD;4426;GOOD
11/11/2021 22:17;10820;GOOD;19518;GOOD;3123;GOOD;6710;GOOD;6219;GOOD;4427;GOOD
11/11/2021 23:03;10921;GOOD;19518;GOOD;3123;GOOD;6710;GOOD;6219;GOOD;4427;GOOD
11/11/2021 23:28;10921;GOOD;19525;GOOD;3123;GOOD;6710;GOOD;6219;GOOD;4427;GOOD
11/11/2021 23:54;10921;GOOD;19525;GOOD;3123;GOOD;6710;GOOD;6224;GOOD;4427;GOOD
12/11/2021 01:46;10921;GOOD;19525;GOOD;3128;GOOD;6710;GOOD;6224;GOOD;4427;GOOD
18/11/2021 21:03;10945,2;GOOD;19525;GOOD;3128;GOOD;6710;GOOD;6224;GOOD;4427;GOOD
18/11/2021 21:13;10945,2;GOOD;19525;GOOD;3128;GOOD;6710;GOOD;6234;GOOD;4427;GOOD
19/11/2021 00:14;10945,2;GOOD;19525;GOOD;3128;GOOD;6710;GOOD;6234;GOOD;4428;GOOD
19/11/2021 00:14;10945,2;GOOD;19533,5;GOOD;3128;GOOD;6710;GOOD;6234;GOOD;4428;GOOD
19/11/2021 00:50;10945,2;GOOD;19533,5;GOOD;3129;GOOD;6710;GOOD;6234;GOOD;4428;GOOD
25/11/2021 22:45;10945,2;GOOD;19541,7;GOOD;3129;GOOD;6710;GOOD;6234;GOOD;4428;GOOD
25/11/2021 23:23;10945,2;GOOD;19541,7;GOOD;3129;GOOD;6710;GOOD;6450;GOOD;4428;GOOD
26/11/2021 00:32;10967,7;GOOD;19541,7;GOOD;3129;GOOD;6710;GOOD;6450;GOOD;4428;GOOD
02/12/2021 21:11;11006;GOOD;19541,7;GOOD;3129;GOOD;6710;GOOD;6450;GOOD;4428;GOOD
02/12/2021 22:45;11006;GOOD;19541,7;GOOD;3132;GOOD;6710;GOOD;6450;GOOD;4428;GOOD
03/12/2021 00:49;11006;GOOD;19549,42;GOOD;3132;GOOD;6710;GOOD;6450;GOOD;4428;GOOD
03/12/2021 01:41;11006;GOOD;19549,42;GOOD;3132;GOOD;6710;GOOD;6451;GOOD;4428;GOOD
09/12/2021 21:10;11006;GOOD;19549,42;GOOD;3132;GOOD;6710;GOOD;6451;GOOD;4429;GOOD
09/12/2021 23:18;11012;GOOD;19549,42;GOOD;3132;GOOD;6710;GOOD;6451;GOOD;4429;GOOD
10/12/2021 00:30;11012;GOOD;19549,42;GOOD;3132;GOOD;6710;GOOD;6258;GOOD;4429;GOOD
10/12/2021 02:48;11012;GOOD;19549,42;GOOD;3137;GOOD;6710;GOOD;6258;GOOD;4429;GOOD
16/12/2021 23:22;11012;GOOD;19549,42;GOOD;3141;GOOD;6710;GOOD;6258;GOOD;4429;GOOD
17/12/2021 00:00;11012;GOOD;19572,13;GOOD;3141;GOOD;6710;GOOD;6258;GOOD;4429;GOOD
17/12/2021 01:00;11012;GOOD;19572,13;GOOD;3141;GOOD;6710;GOOD;6270;GOOD;4429;GOOD
17/12/2021 02:45;11019;GOOD;19572,13;GOOD;3141;GOOD;6710;GOOD;6270;GOOD;4429;GOOD
23/12/2021 23:21;11019;GOOD;19572,13;GOOD;3141;GOOD;6710;GOOD;6280;GOOD;4429;GOOD
23/12/2021 23:47;11019;GOOD;19572,13;GOOD;3141;GOOD;6710;GOOD;6280;GOOD;4430;GOOD
24/12/2021 00:12;11019;GOOD;19585,27;GOOD;3141;GOOD;6710;GOOD;6280;GOOD;4430;GOOD
24/12/2021 01:06;11024;GOOD;19585,27;GOOD;3141;GOOD;6710;GOOD;6280;GOOD;4430;GOOD
30/12/2021 21:15;11028;GOOD;19585,27;GOOD;3141;GOOD;6710;GOOD;6280;GOOD;4430;GOOD
30/12/2021 23:32;11028;GOOD;19585,27;GOOD;3141;GOOD;6710;GOOD;6286;GOOD;4430;GOOD
06/01/2022 21:01;11028;GOOD;19585,27;GOOD;3141;GOOD;6710;GOOD;6286;GOOD;4431;GOOD
06/01/2022 21:01;11032;GOOD;19585,27;GOOD;3141;GOOD;6710;GOOD;6286;GOOD;4431;GOOD
06/01/2022 21:03;11032;GOOD;19621,5;GOOD;3141;GOOD;6710;GOOD;6286;GOOD;4431;GOOD
07/01/2022 01:17;11032;GOOD;19621,5;GOOD;3141;GOOD;6710;GOOD;6292;GOOD;4431;GOOD
13/01/2022 21:17;11038;GOOD;19621,5;GOOD;3141;GOOD;6710;GOOD;6292;GOOD;4431;GOOD
13/01/2022 22:43;11038;GOOD;19641,01;GOOD;3141;GOOD;6710;GOOD;6292;GOOD;4431;GOOD
13/01/2022 23:31;11038;GOOD;19641,01;GOOD;3141;GOOD;6710;GOOD;6300;GOOD;4431;GOOD
20/01/2022 21:04;11044;GOOD;19641,01;GOOD;3141;GOOD;6710;GOOD;6300;GOOD;4431;GOOD
20/01/2022 23:08;11044;GOOD;19641,01;GOOD;3141;GOOD;6710;GOOD;6300;GOOD;4432;GOOD
21/01/2022 00:08;11044;GOOD;19641,01;GOOD;3141;GOOD;6710;GOOD;6457;GOOD;4432;GOOD
27/01/2022 23:56;11049;GOOD;19641,01;GOOD;3141;GOOD;6710;GOOD;6457;GOOD;4432;GOOD
28/01/2022 00:08;11049;GOOD;19661;GOOD;3141;GOOD;6710;GOOD;6457;GOOD;4432;GOOD
28/01/2022 01:23;11049;GOOD;19661;GOOD;3141;GOOD;6710;GOOD;6320;GOOD;4432;GOOD
28/01/2022 02:24;11049;GOOD;19661;GOOD;3153;GOOD;6710;GOOD;6320;GOOD;4432;GOOD
03/02/2022 21:18;11054;GOOD;19661;GOOD;3153;GOOD;6710;GOOD;6320;GOOD;4432;GOOD
04/02/2022 00:34;11054;GOOD;19661;GOOD;3153;GOOD;6710;GOOD;6408;GOOD;4432;GOOD
04/02/2022 00:58;11054;GOOD;19667,84;GOOD;3153;GOOD;6710;GOOD;6408;GOOD;4432;GOOD
10/02/2022 22:08;11061;GOOD;19667,84;GOOD;3153;GOOD;6710;GOOD;6408;GOOD;4432;GOOD
10/02/2022 23:02;11061;GOOD;19667,84;GOOD;3156;GOOD;6710;GOOD;6408;GOOD;4432;GOOD
10/02/2022 23:35;11061;GOOD;19675,22;GOOD;3156;GOOD;6710;GOOD;6408;GOOD;4432;GOOD
11/02/2022 00:24;11061;GOOD;19675,22;GOOD;3156;GOOD;6710;GOOD;6333;GOOD;4432;GOOD
17/02/2022 21:14;11061;GOOD;19675,22;GOOD;3156;GOOD;6710;GOOD;6333;GOOD;4433;GOOD
17/02/2022 23:43;11067;GOOD;19675,22;GOOD;3156;GOOD;6710;GOOD;6333;GOOD;4433;GOOD
17/02/2022 23:50;11067;GOOD;19682,55;GOOD;3156;GOOD;6710;GOOD;6333;GOOD;4433;GOOD
18/02/2022 00:30;11067;GOOD;19682,55;GOOD;3156;GOOD;6710;GOOD;6339;GOOD;4433;GOOD
18/02/2022 01:05;11067;GOOD;19682,55;GOOD;3163;GOOD;6710;GOOD;6339;GOOD;4433;GOOD
24/02/2022 22:28;11067;GOOD;19682,55;GOOD;3166;GOOD;6710;GOOD;6339;GOOD;4433;GOOD
24/02/2022 23:50;11067;GOOD;19689,55;GOOD;3166;GOOD;6710;GOOD;6339;GOOD;4433;GOOD
25/02/2022 00:57;11073;GOOD;19689,55;GOOD;3166;GOOD;6710;GOOD;6339;GOOD;4433;GOOD
25/02/2022 01:23;11073;GOOD;19689,55;GOOD;3166;GOOD;6710;GOOD;6349;GOOD;4433;GOOD
03/03/2022 22:41;11073;GOOD;19689,55;GOOD;3166;GOOD;6710;GOOD;6349;GOOD;4434;GOOD
03/03/2022 23:18;11079;GOOD;19689,55;GOOD;3166;GOOD;6710;GOOD;6349;GOOD;4434;GOOD
03/03/2022 23:58;11079;GOOD;19696,26;GOOD;3166;GOOD;6710;GOOD;6349;GOOD;4434;GOOD
04/03/2022 00:33;11079;GOOD;19696,26;GOOD;3166;GOOD;6710;GOOD;6355;GOOD;4434;GOOD
10/03/2022 23:06;11079;GOOD;19696,26;GOOD;3168;GOOD;6710;GOOD;6355;GOOD;4434;GOOD
10/03/2022 23:08;11079;GOOD;19696,26;GOOD;3168;GOOD;6724;GOOD;6355;GOOD;4434;GOOD
10/03/2022 23:56;11079;GOOD;19702;GOOD;3168;GOOD;6724;GOOD;6355;GOOD;4434;GOOD
11/03/2022 00:41;11079;GOOD;19702;GOOD;3168;GOOD;6724;GOOD;6361;GOOD;4434;GOOD
17/03/2022 22:44;11079;GOOD;19702;GOOD;3168;GOOD;6724;GOOD;6361;GOOD;4435;GOOD
18/03/2022 00:18;11090;GOOD;19702;GOOD;3168;GOOD;6724;GOOD;6361;GOOD;4435;GOOD
18/03/2022 02:40;11090;GOOD;19702;GOOD;3168;GOOD;6724;GOOD;6366;GOOD;4435;GOOD
18/03/2022 03:49;11090;GOOD;19709;GOOD;3168;GOOD;6724;GOOD;6366;GOOD;4435;GOOD
24/03/2022 21:01;11090;GOOD;19709;GOOD;3168;GOOD;6724;GOOD;6366;GOOD;4436;GOOD
24/03/2022 23:20;11090;GOOD;19715;GOOD;3168;GOOD;6724;GOOD;6366;GOOD;4436;GOOD
25/03/2022 00:17;11090;GOOD;19715;GOOD;3168;GOOD;6724;GOOD;6379;GOOD;4436;GOOD
25/03/2022 01:04;11090;GOOD;19715;GOOD;3168;GOOD;6727,04;GOOD;6379;GOOD;4436;GOOD
25/03/2022 01:07;11090;GOOD;19715;GOOD;3175,6;GOOD;6727,04;GOOD;6379;GOOD;4436;GOOD
25/03/2022 01:15;11097;GOOD;19715;GOOD;3175,6;GOOD;6727,04;GOOD;6379;GOOD;4436;GOOD
31/03/2022 22:54;11097;GOOD;19722;GOOD;3175,6;GOOD;6727,04;GOOD;6379;GOOD;4436;GOOD
01/04/2022 00:15;11097;GOOD;19722;GOOD;3181,4;GOOD;6727,04;GOOD;6379;GOOD;4436;GOOD
01/04/2022 01:41;11103;GOOD;19722;GOOD;3181,4;GOOD;6727,04;GOOD;6379;GOOD;4436;GOOD
07/04/2022 21:19;11109;GOOD;19722;GOOD;3181,4;GOOD;6727,04;GOOD;6379;GOOD;4436;GOOD
07/04/2022 23:28;11109;GOOD;19728;GOOD;3181,4;GOOD;6727,04;GOOD;6379;GOOD;4436;GOOD
08/04/2022 00:34;11109;GOOD;19728;GOOD;3181,4;GOOD;6727,04;GOOD;6379;GOOD;4437;GOOD
08/04/2022 01:07;11109;GOOD;19728;GOOD;3181,4;GOOD;6727,04;GOOD;6420;GOOD;4437;GOOD
14/04/2022 21:01;11109;GOOD;19728;GOOD;3181,4;GOOD;6727,04;GOOD;6420;GOOD;4439;GOOD
14/04/2022 21:05;11114;GOOD;19728;GOOD;3181,4;GOOD;6727,04;GOOD;6420;GOOD;4439;GOOD
15/04/2022 00:20;11114;GOOD;19728;GOOD;3186;GOOD;6727,04;GOOD;6420;GOOD;4439;GOOD
15/04/2022 00:38;11114;GOOD;19728;GOOD;3186;GOOD;6727,04;GOOD;6441;GOOD;4439;GOOD
21/04/2022 22:28;11114;GOOD;19728;GOOD;3186;GOOD;6727,04;GOOD;6441;GOOD;4440;GOOD
21/04/2022 23:23;11114;GOOD;19741;GOOD;3186;GOOD;6727,04;GOOD;6441;GOOD;4440;GOOD
22/04/2022 00:54;11114;GOOD;19741;GOOD;3186;GOOD;6727,04;GOOD;6467;GOOD;4440;GOOD
22/04/2022 01:07;11114;GOOD;19741;GOOD;3187,24;GOOD;6727,04;GOOD;6467;GOOD;4440;GOOD
22/04/2022 01:15;11119;GOOD;19741;GOOD;3187,24;GOOD;6727,04;GOOD;6467;GOOD;4440;GOOD
28/04/2022 23:57;11119;GOOD;19741;GOOD;3187,24;GOOD;6727,04;GOOD;6467;GOOD;4442;GOOD
29/04/2022 00:08;11125;GOOD;19741;GOOD;3187,24;GOOD;6727,04;GOOD;6467;GOOD;4442;GOOD
29/04/2022 00:39;11125;GOOD;19741;GOOD;3187,24;GOOD;6727,04;GOOD;6475;GOOD;4442;GOOD
29/04/2022 01:18;11125;GOOD;19748;GOOD;3187,24;GOOD;6727,04;GOOD;6475;GOOD;4442;GOOD
29/04/2022 02:08;11125;GOOD;19748;GOOD;3187,24;GOOD;6731,47;GOOD;6475;GOOD;4442;GOOD
29/04/2022 02:13;11125;GOOD;19748;GOOD;3188,46;GOOD;6731,47;GOOD;6475;GOOD;4442;GOOD
05/05/2022 23:35;11133;GOOD;19748;GOOD;3188,46;GOOD;6731,47;GOOD;6475;GOOD;4442;GOOD
05/05/2022 23:37;11133;GOOD;19748;GOOD;3188,46;GOOD;6734,91;GOOD;6475;GOOD;4442;GOOD
05/05/2022 23:37;11133;GOOD;19748;GOOD;3190,23;GOOD;6734,91;GOOD;6475;GOOD;4442;GOOD
06/05/2022 02:12;11133;GOOD;19754;GOOD;3190,23;GOOD;6734,91;GOOD;6475;GOOD;4442;GOOD
13/05/2022 00:00;11133;GOOD;19761;GOOD;3190,23;GOOD;6734,91;GOOD;6475;GOOD;4442;GOOD
13/05/2022 00:12;11133;GOOD;19761;GOOD;3190,23;GOOD;6734,91;GOOD;6475;GOOD;4443;GOOD
13/05/2022 00:19;11133;GOOD;19761;GOOD;3190,23;GOOD;6734,91;GOOD;7189;GOOD;4443;GOOD
13/05/2022 00:53;11133;GOOD;19761;GOOD;3190,23;GOOD;6736;GOOD;7189;GOOD;4443;GOOD
13/05/2022 00:53;11133;GOOD;19761;GOOD;3191;GOOD;6736;GOOD;7189;GOOD;4443;GOOD
13/05/2022 04:21;11147;GOOD;19761;GOOD;3191;GOOD;6736;GOOD;7189;GOOD;4443;GOOD
19/05/2022 23:13;11147;GOOD;19761;GOOD;3191;GOOD;6736;GOOD;7245;GOOD;4443;GOOD
19/05/2022 23:32;11147;GOOD;19769;GOOD;3191;GOOD;6736;GOOD;7245;GOOD;4443;GOOD
20/05/2022 01:14;11153;GOOD;19769;GOOD;3191;GOOD;6736;GOOD;7245;GOOD;4443;GOOD
20/05/2022 02:39;11153;GOOD;19769;GOOD;3199;GOOD;6736;GOOD;7245;GOOD;4443;GOOD
26/05/2022 21:22;11153;GOOD;19769;GOOD;3199;GOOD;6736;GOOD;7245;GOOD;4444;GOOD
26/05/2022 23:22;11158;GOOD;19769;GOOD;3199;GOOD;6736;GOOD;7245;GOOD;4444;GOOD
03/06/2022 01:39;11158;GOOD;19822;GOOD;3199;GOOD;6736;GOOD;7245;GOOD;4444;GOOD
09/06/2022 22:52;11158;GOOD;19822;GOOD;3199;GOOD;6736;GOOD;7245;GOOD;4446;GOOD
09/06/2022 22:54;11158;GOOD;19822;GOOD;3214;GOOD;6736;GOOD;7245;GOOD;4446;GOOD
09/06/2022 23:12;11158;GOOD;19830;GOOD;3214;GOOD;6736;GOOD;7245;GOOD;4446;GOOD
09/06/2022 23:31;11168;GOOD;19830;GOOD;3214;GOOD;6736;GOOD;7245;GOOD;4446;GOOD
09/06/2022 23:37;11168;GOOD;19830;GOOD;3214;GOOD;6736;GOOD;7703;GOOD;4446;GOOD
16/06/2022 21:01;11168;GOOD;19830;GOOD;3214;GOOD;6736;GOOD;7703;GOOD;4448;GOOD
16/06/2022 23:13;11174;GOOD;19830;GOOD;3214;GOOD;6736;GOOD;7703;GOOD;4448;GOOD
16/06/2022 23:14;11174;GOOD;19891;GOOD;3214;GOOD;6736;GOOD;7703;GOOD;4448;GOOD
17/06/2022 00:14;11174;GOOD;19891;GOOD;3214;GOOD;6741;GOOD;7703;GOOD;4448;GOOD
17/06/2022 00:19;11174;GOOD;19891;GOOD;3221;GOOD;6741;GOOD;7703;GOOD;4448;GOOD
17/06/2022 02:07;11174;GOOD;19891;GOOD;3221;GOOD;6741;GOOD;7849;GOOD;4448;GOOD
23/06/2022 23:37;11178;GOOD;19891;GOOD;3221;GOOD;6741;GOOD;7849;GOOD;4448;GOOD
24/06/2022 02:13;11178;GOOD;19891;GOOD;3221;GOOD;6741;GOOD;7849;GOOD;4449;GOOD
30/06/2022 21:17;11182;GOOD;19891;GOOD;3221;GOOD;6741;GOOD;7849;GOOD;4449;GOOD
30/06/2022 23:55;11182;GOOD;19969;GOOD;3221;GOOD;6741;GOOD;7849;GOOD;4449;GOOD
01/07/2022 01:35;11182;GOOD;19969;GOOD;3221;GOOD;6741;GOOD;7849;GOOD;4450;GOOD
07/07/2022 22:23;11182;GOOD;19969;GOOD;3253;GOOD;6741;GOOD;7849;GOOD;4450;GOOD
07/07/2022 22:27;11182;GOOD;19969;GOOD;3253;GOOD;6743;GOOD;7849;GOOD;4450;GOOD
07/07/2022 22:54;11182;GOOD;19997;GOOD;3253;GOOD;6743;GOOD;7849;GOOD;4450;GOOD
08/07/2022 00:18;11182;GOOD;19997;GOOD;3253;GOOD;6743;GOOD;7849;GOOD;4451;GOOD
08/07/2022 00:54;11188;GOOD;19997;GOOD;3253;GOOD;6743;GOOD;7849;GOOD;4451;GOOD
14/07/2022 21:09;11193;GOOD;19997;GOOD;3253;GOOD;6743;GOOD;7849;GOOD;4451;GOOD
14/07/2022 23:16;11193;GOOD;20020;GOOD;3253;GOOD;6743;GOOD;7849;GOOD;4451;GOOD
15/07/2022 02:04;11193;GOOD;20020;GOOD;3253;GOOD;6743;GOOD;8262;GOOD;4451;GOOD
21/07/2022 23:22;11197;GOOD;20020;GOOD;3253;GOOD;6743;GOOD;8262;GOOD;4451;GOOD
22/07/2022 01:54;11197;GOOD;20020;GOOD;3253;GOOD;6743;GOOD;8275;GOOD;4451;GOOD
28/07/2022 23:08;11200;GOOD;20020;GOOD;3253;GOOD;6743;GOOD;8275;GOOD;4451;GOOD
04/08/2022 21:10;11200;GOOD;20020;GOOD;3253;GOOD;6743;GOOD;8275;GOOD;4452;GOOD
04/08/2022 22:54;11207;GOOD;20020;GOOD;3253;GOOD;6743;GOOD;8275;GOOD;4452;GOOD
04/08/2022 23:42;11207;GOOD;20020;GOOD;3253;GOOD;6743;GOOD;8292;GOOD;4452;GOOD
05/08/2022 00:22;11207;GOOD;20065;GOOD;3253;GOOD;6743;GOOD;8292;GOOD;4452;GOOD
11/08/2022 23:44;11207;GOOD;20065;GOOD;3253;GOOD;6743;GOOD;8298;GOOD;4452;GOOD
12/08/2022 00:10;11207;GOOD;20073;GOOD;3253;GOOD;6743;GOOD;8298;GOOD;4452;GOOD
12/08/2022 01:34;11213;GOOD;20073;GOOD;3253;GOOD;6743;GOOD;8298;GOOD;4452;GOOD
18/08/2022 21:12;11219;GOOD;20073;GOOD;3253;GOOD;6743;GOOD;8298;GOOD;4452;GOOD
18/08/2022 23:56;11219;GOOD;20079;GOOD;3253;GOOD;6743;GOOD;8298;GOOD;4452;GOOD
19/08/2022 01:41;11219;GOOD;20079;GOOD;3253;GOOD;6743;GOOD;8303;GOOD;4452;GOOD
25/08/2022 22:35;11219;GOOD;20079;GOOD;3253;GOOD;6743;GOOD;8305;GOOD;4452;GOOD
25/08/2022 23:18;11219;GOOD;20084;GOOD;3253;GOOD;6743;GOOD;8305;GOOD;4452;GOOD
26/08/2022 00:46;11222;GOOD;20084;GOOD;3253;GOOD;6743;GOOD;8305;GOOD;4452;GOOD
26/08/2022 01:14;11222;GOOD;20084;GOOD;3253;GOOD;6747;GOOD;8305;GOOD;4452;GOOD
01/09/2022 21:13;11227;GOOD;20084;GOOD;3253;GOOD;6747;GOOD;8305;GOOD;4452;GOOD
01/09/2022 23:37;11227;GOOD;20090;GOOD;3253;GOOD;6747;GOOD;8305;GOOD;4452;GOOD
02/09/2022 00:53;11227;GOOD;20090;GOOD;3253;GOOD;6747;GOOD;8335;GOOD;4452;GOOD
08/09/2022 21:01;11227;GOOD;20090;GOOD;3253;GOOD;6747;GOOD;8335;GOOD;4453;GOOD
08/09/2022 21:12;11232;GOOD;20090;GOOD;3253;GOOD;6747;GOOD;8335;GOOD;4453;GOOD
08/09/2022 23:57;11232;GOOD;20090;GOOD;3253;GOOD;6747;GOOD;8342;GOOD;4453;GOOD
09/09/2022 02:57;11232;GOOD;20097;GOOD;3253;GOOD;6747;GOOD;8342;GOOD;4453;GOOD
09/09/2022 03:14;11232;GOOD;20097;GOOD;3368;GOOD;6747;GOOD;8342;GOOD;4453;GOOD
09/09/2022 03:18;11232;GOOD;20097;GOOD;3368;GOOD;6771;GOOD;8342;GOOD;4453;GOOD
15/09/2022 23:03;11232;GOOD;20097;GOOD;3368;GOOD;6771;GOOD;8342;GOOD;4456;GOOD
16/09/2022 01:20;11232;GOOD;20097;GOOD;3368;GOOD;6771;GOOD;8347;GOOD;4456;GOOD
16/09/2022 03:05;11232;GOOD;20102;GOOD;3368;GOOD;6771;GOOD;8347;GOOD;4456;GOOD
16/09/2022 03:57;11238;GOOD;20102;GOOD;3368;GOOD;6771;GOOD;8347;GOOD;4456;GOOD
22/09/2022 23:28;11238;GOOD;20109,6;GOOD;3368;GOOD;6771;GOOD;8347;GOOD;4456;GOOD
22/09/2022 23:43;11244;GOOD;20109,6;GOOD;3368;GOOD;6771;GOOD;8347;GOOD;4456;GOOD
23/09/2022 00:10;11244;GOOD;20109,6;GOOD;3368;GOOD;6771;GOOD;8357;GOOD;4456;GOOD
23/09/2022 02:13;11244;GOOD;20109,6;GOOD;3368;GOOD;6778;GOOD;8357;GOOD;4456;GOOD
23/09/2022 02:17;11244;GOOD;20109,6;GOOD;3378;GOOD;6778;GOOD;8357;GOOD;4456;GOOD
29/09/2022 21:15;11249;GOOD;20109,6;GOOD;3378;GOOD;6778;GOOD;8357;GOOD;4456;GOOD
06/10/2022 23:03;11249;GOOD;20122,41;GOOD;3378;GOOD;6778;GOOD;8357;GOOD;4456;GOOD
06/10/2022 23:37;11249;GOOD;20122,41;GOOD;3378;GOOD;6778;GOOD;8370;GOOD;4456;GOOD
07/10/2022 00:42;11249;GOOD;20122,41;GOOD;3378;GOOD;6778;GOOD;8370;GOOD;4455;GOOD
07/10/2022 02:23;11254;GOOD;20122,41;GOOD;3378;GOOD;6778;GOOD;8370;GOOD;4455;GOOD
13/10/2022 21:05;11254;GOOD;20122,41;GOOD;3378;GOOD;6799;GOOD;8370;GOOD;4455;GOOD
14/10/2022 01:04;11254;GOOD;20122,41;GOOD;3378;GOOD;6799;GOOD;8370;GOOD;4463;GOOD
14/10/2022 01:38;11260;GOOD;20122,41;GOOD;3378;GOOD;6799;GOOD;8370;GOOD;4463;GOOD
14/10/2022 04:11;11260;GOOD;20128,76;GOOD;3378;GOOD;6799;GOOD;8370;GOOD;4463;GOOD
20/10/2022 21:19;11264;GOOD;20128,76;GOOD;3378;GOOD;6799;GOOD;8370;GOOD;4463;GOOD
21/10/2022 00:10;11264;GOOD;20128,76;GOOD;3378;GOOD;6799;GOOD;8379;GOOD;4463;GOOD
21/10/2022 00:21;11264;GOOD;20128,76;GOOD;3378;GOOD;6799;GOOD;8379;GOOD;4464;GOOD
21/10/2022 01:39;11264;GOOD;20136,01;GOOD;3378;GOOD;6799;GOOD;8379;GOOD;4464;GOOD
27/10/2022 23:24;11264;GOOD;20136,01;GOOD;3378;GOOD;6799;GOOD;8395;GOOD;4464;GOOD
28/10/2022 01:01;11270;GOOD;20136,01;GOOD;3378;GOOD;6799;GOOD;8395;GOOD;4464;GOOD
28/10/2022 02:41;11270;GOOD;20143,09;GOOD;3378;GOOD;6799;GOOD;8395;GOOD;4464;GOOD
03/11/2022 23:01;11270;GOOD;20143,09;GOOD;3378;GOOD;6799;GOOD;8395;GOOD;4726,7;GOOD
04/11/2022 00:01;11270;GOOD;20143,09;GOOD;3378;GOOD;6799;GOOD;8399;GOOD;4726,7;GOOD
04/11/2022 01:12;11270;GOOD;20143,09;GOOD;3394,5;GOOD;6799;GOOD;8399;GOOD;4726,7;GOOD
04/11/2022 03:49;11275;GOOD;20143,09;GOOD;3394,5;GOOD;6799;GOOD;8399;GOOD;4726,7;GOOD
10/11/2022 23:21;11275;GOOD;20143,09;GOOD;3394,5;GOOD;6799;GOOD;8399;GOOD;4807;GOOD
10/11/2022 23:35;11275;GOOD;20143,09;GOOD;3394,5;GOOD;6799;GOOD;8407;GOOD;4807;GOOD
11/11/2022 00:13;11275;GOOD;20156,13;GOOD;3394,5;GOOD;6799;GOOD;8407;GOOD;4807;GOOD
11/11/2022 00:19;11282;GOOD;20156,13;GOOD;3394,5;GOOD;6799;GOOD;8407;GOOD;4807;GOOD
17/11/2022 21:03;11282;GOOD;20156,13;GOOD;3394,5;GOOD;6799;GOOD;8419;GOOD;4807;GOOD
17/11/2022 23:12;11282;GOOD;20156,13;GOOD;3394,5;GOOD;6804;GOOD;8419;GOOD;4807;GOOD
17/11/2022 23:15;11289,39;GOOD;20156,13;GOOD;3394,5;GOOD;6804;GOOD;8419;GOOD;4807;GOOD
17/11/2022 23:15;11289,39;GOOD;20156,13;GOOD;3398;GOOD;6804;GOOD;8419;GOOD;4807;GOOD
17/11/2022 23:37;11289,39;GOOD;20156,13;GOOD;3398;GOOD;6804;GOOD;8419;GOOD;4810;GOOD
18/11/2022 04:44;11289,39;GOOD;20169,3;GOOD;3398;GOOD;6804;GOOD;8419;GOOD;4810;GOOD
24/11/2022 22:36;11289,39;GOOD;20169,3;GOOD;3399;GOOD;6804;GOOD;8419;GOOD;4810;GOOD
24/11/2022 22:43;11289,39;GOOD;20169,3;GOOD;3399;GOOD;6804;GOOD;8425;GOOD;4810;GOOD
24/11/2022 23:01;11289,39;GOOD;20170,8;GOOD;3399;GOOD;6804;GOOD;8425;GOOD;4810;GOOD
24/11/2022 23:35;11289,39;GOOD;20170,8;GOOD;3399;GOOD;6804;GOOD;8425;GOOD;4808,06;GOOD
25/11/2022 01:18;11296,19;GOOD;20170,8;GOOD;3399;GOOD;6804;GOOD;8425;GOOD;4808,06;GOOD
01/12/2022 23:24;11296,19;GOOD;20170,8;GOOD;3399;GOOD;6804;GOOD;8433;GOOD;4808,06;GOOD
01/12/2022 23:57;11296,19;GOOD;20183,2;GOOD;3399;GOOD;6804;GOOD;8433;GOOD;4808,06;GOOD
02/12/2022 00:09;11296,19;GOOD;20183,2;GOOD;3399;GOOD;6804;GOOD;8433;GOOD;4809;GOOD
02/12/2022 00:10;11296,19;GOOD;20183,2;GOOD;3403;GOOD;6804;GOOD;8433;GOOD;4809;GOOD
02/12/2022 00:33;11303;GOOD;20183,2;GOOD;3403;GOOD;6804;GOOD;8433;GOOD;4809;GOOD
08/12/2022 23:46;11303;GOOD;20183,9;GOOD;3403;GOOD;6804;GOOD;8433;GOOD;4809;GOOD
08/12/2022 23:56;11303;GOOD;20183,9;GOOD;3403;GOOD;6804;GOOD;8438;GOOD;4809;GOOD
09/12/2022 00:10;11316;GOOD;20183,9;GOOD;3403;GOOD;6804;GOOD;8438;GOOD;4809;GOOD
09/12/2022 00:44;11316;GOOD;20183,9;GOOD;3406;GOOD;6804;GOOD;8438;GOOD;4809;GOOD
15/12/2022 22:18;11316;GOOD;20183,9;GOOD;3406;GOOD;6785;GOOD;8438;GOOD;4809;GOOD
15/12/2022 22:23;11316;GOOD;20183,9;GOOD;3409;GOOD;6785;GOOD;8438;GOOD;4809;GOOD
15/12/2022 23:06;11321;GOOD;20183,9;GOOD;3409;GOOD;6785;GOOD;8438;GOOD;4809;GOOD
15/12/2022 23:19;11321;GOOD;20183,9;GOOD;3409;GOOD;6785;GOOD;8445;GOOD;4809;GOOD
15/12/2022 23:25;11321;GOOD;20183,9;GOOD;3409;GOOD;6785;GOOD;8445;GOOD;4810;GOOD
22/12/2022 21:08;11321;GOOD;20183,9;GOOD;3409;GOOD;6785;GOOD;8455;GOOD;4810;GOOD
22/12/2022 23:02;11336;GOOD;20183,9;GOOD;3409;GOOD;6785;GOOD;8455;GOOD;4810;GOOD
23/12/2022 00:01;11336;GOOD;20197,22;GOOD;3409;GOOD;6785;GOOD;8455;GOOD;4810;GOOD
23/12/2022 01:16;11336;GOOD;20197,22;GOOD;3409;GOOD;6785;GOOD;8455;GOOD;4855;GOOD
29/12/2022 22:42;11349;GOOD;20197,22;GOOD;3409;GOOD;6785;GOOD;8455;GOOD;4855;GOOD
29/12/2022 23:55;11349;GOOD;20201,8;GOOD;3409;GOOD;6785;GOOD;8455;GOOD;4855;GOOD
30/12/2022 02:07;11349;GOOD;20201,8;GOOD;3412;GOOD;6785;GOOD;8455;GOOD;4855;GOOD
30/12/2022 03:19;11349;GOOD;20201,8;GOOD;3412;GOOD;6785;GOOD;8462;GOOD;4855;GOOD
05/01/2023 22:28;11349;GOOD;20201,8;GOOD;3412;GOOD;6785;GOOD;8462;GOOD;4856;GOOD
05/01/2023 22:47;11349;GOOD;20207;GOOD;3412;GOOD;6785;GOOD;8462;GOOD;4856;GOOD
05/01/2023 23:59;11347;GOOD;20207;GOOD;3412;GOOD;6785;GOOD;8462;GOOD;4856;GOOD
06/01/2023 01:37;11347;GOOD;20207;GOOD;3412;GOOD;6785;GOOD;8460;GOOD;4856;GOOD
12/01/2023 22:51;11361;GOOD;20207;GOOD;3412;GOOD;6785;GOOD;8460;GOOD;4856;GOOD
13/01/2023 00:00;11361;GOOD;20215;GOOD;3412;GOOD;6785;GOOD;8460;GOOD;4856;GOOD
13/01/2023 02:32;11361;GOOD;20215;GOOD;3417;GOOD;6785;GOOD;8460;GOOD;4856;GOOD
13/01/2023 03:09;11361;GOOD;20215;GOOD;3417;GOOD;6785;GOOD;8460;GOOD;4858;GOOD
19/01/2023 23:13;11361;GOOD;20215;GOOD;3417;GOOD;6785;GOOD;8469;GOOD;4858;GOOD
19/01/2023 23:38;11361;GOOD;20222;GOOD;3417;GOOD;6785;GOOD;8469;GOOD;4858;GOOD
19/01/2023 23:41;11361;GOOD;20222;GOOD;3422;GOOD;6785;GOOD;8469;GOOD;4858;GOOD
20/01/2023 00:44;11361;GOOD;20222;GOOD;3422;GOOD;6785;GOOD;8469;GOOD;4860;GOOD
26/01/2023 21:23;11366;GOOD;20222;GOOD;3422;GOOD;6785;GOOD;8469;GOOD;4860;GOOD
26/01/2023 23:19;11366;GOOD;20222;GOOD;3422;GOOD;6785;GOOD;8475;GOOD;4860;GOOD
26/01/2023 23:29;11366;GOOD;20229;GOOD;3422;GOOD;6785;GOOD;8475;GOOD;4860;GOOD
02/02/2023 21:05;11372;GOOD;20229;GOOD;3422;GOOD;6785;GOOD;8475;GOOD;4860;GOOD
03/02/2023 00:23;11372;GOOD;20236;GOOD;3422;GOOD;6785;GOOD;8475;GOOD;4860;GOOD
03/02/2023 01:04;11372;GOOD;20236;GOOD;3422;GOOD;6785;GOOD;8485;GOOD;4860;GOOD
10/02/2023 00:06;11380;GOOD;20236;GOOD;3422;GOOD;6785;GOOD;8485;GOOD;4860;GOOD
10/02/2023 00:31;11380;GOOD;20236;GOOD;3422;GOOD;6785;GOOD;8485;GOOD;4866;GOOD
10/02/2023 00:37;11380;GOOD;20243;GOOD;3422;GOOD;6785;GOOD;8485;GOOD;4866;GOOD
10/02/2023 01:27;11380;GOOD;20243;GOOD;3422;GOOD;6785;GOOD;8492;GOOD;4866;GOOD
16/02/2023 22:48;11391;GOOD;20243;GOOD;3422;GOOD;6785;GOOD;8492;GOOD;4866;GOOD
16/02/2023 23:33;11391;GOOD;20255;GOOD;3422;GOOD;6785;GOOD;8492;GOOD;4866;GOOD
17/02/2023 00:20;11391;GOOD;20255;GOOD;3422;GOOD;6785;GOOD;8498;GOOD;4866;GOOD
23/02/2023 10:41;11391;GOOD;20255;GOOD;3422;GOOD;6785;GOOD;8506;GOOD;4866;GOOD
23/02/2023 21:06;11391;GOOD;20270;GOOD;3422;GOOD;6785;GOOD;8506;GOOD;4866;GOOD
23/02/2023 21:09;11391;GOOD;20270;GOOD;3422;GOOD;6785;GOOD;8506;GOOD;4868;GOOD
23/02/2023 23:14;11397;GOOD;20270;GOOD;3422;GOOD;6785;GOOD;8506;GOOD;4868;GOOD
02/03/2023 06:08;11397;GOOD;20270;GOOD;3422;GOOD;6785;GOOD;8512;GOOD;4868;GOOD
02/03/2023 22:36;11397;GOOD;20270;GOOD;3422;GOOD;6785;GOOD;8512;GOOD;4869;GOOD
03/03/2023 00:34;11404;GOOD;20270;GOOD;3422;GOOD;6785;GOOD;8512;GOOD;4869;GOOD
09/03/2023 09:35;11404;GOOD;20270;GOOD;3422;GOOD;6785;GOOD;8517;GOOD;4869;GOOD
09/03/2023 23:00;11404;GOOD;20276;GOOD;3422;GOOD;6785;GOOD;8517;GOOD;4869;GOOD
09/03/2023 23:06;11404;GOOD;20276;GOOD;3438;GOOD;6785;GOOD;8517;GOOD;4869;GOOD
16/03/2023 21:13;11404;GOOD;20276;GOOD;3438;GOOD;6785;GOOD;8517;GOOD;4870,6;GOOD
17/03/2023 00:40;11404;GOOD;20284;GOOD;3438;GOOD;6785;GOOD;8517;GOOD;4870,6;GOOD
17/03/2023 02:05;11415;GOOD;20284;GOOD;3438;GOOD;6785;GOOD;8517;GOOD;4870,6;GOOD
23/03/2023 08:38;11415;GOOD;20284;GOOD;3438;GOOD;6785;GOOD;8528;GOOD;4870,6;GOOD
23/03/2023 21:03;11415;GOOD;20284;GOOD;3438;GOOD;6785;GOOD;8528;GOOD;4872,25;GOOD
23/03/2023 21:03;11421;GOOD;20284;GOOD;3438;GOOD;6785;GOOD;8528;GOOD;4872,25;GOOD
23/03/2023 23:19;11421;GOOD;20289;GOOD;3438;GOOD;6785;GOOD;8528;GOOD;4872,25;GOOD
24/03/2023 00:51;11421;GOOD;20289;GOOD;3445;GOOD;6785;GOOD;8528;GOOD;4872,25;GOOD
30/03/2023 09:29;11421;GOOD;20289;GOOD;3445;GOOD;6785;GOOD;8535;GOOD;4872,25;GOOD
30/03/2023 23:16;11421;GOOD;20296;GOOD;3445;GOOD;6785;GOOD;8535;GOOD;4872,25;GOOD
30/03/2023 23:27;11421;GOOD;20296;GOOD;3445;GOOD;6785;GOOD;8535;GOOD;4872,91;GOOD
31/03/2023 00:29;11451;GOOD;20296;GOOD;3445;GOOD;6785;GOOD;8535;GOOD;4872,91;GOOD
31/03/2023 03:11;11451;GOOD;20296;GOOD;3452;GOOD;6785;GOOD;8535;GOOD;4872,91;GOOD
06/04/2023 23:57;11451;GOOD;20296;GOOD;3452;GOOD;6785;GOOD;8535;GOOD;4873,56;GOOD
07/04/2023 00:02;11451;GOOD;20304;GOOD;3452;GOOD;6785;GOOD;8535;GOOD;4873,56;GOOD
07/04/2023 02:19;11451;GOOD;20304;GOOD;3452;GOOD;6807;GOOD;8535;GOOD;4873,56;GOOD
07/04/2023 02:38;11459;GOOD;20304;GOOD;3452;GOOD;6807;GOOD;8535;GOOD;4873,56;GOOD
13/04/2023 22:48;11459;GOOD;20319;GOOD;3452;GOOD;6807;GOOD;8535;GOOD;4873,56;GOOD
14/04/2023 00:09;11459;GOOD;20319;GOOD;3457;GOOD;6807;GOOD;8535;GOOD;4873,56;GOOD
14/04/2023 00:18;11459;GOOD;20319;GOOD;3457;GOOD;6807;GOOD;8535;GOOD;4874,11;GOOD
14/04/2023 01:16;11468;GOOD;20319;GOOD;3457;GOOD;6807;GOOD;8535;GOOD;4874,11;GOOD
20/04/2023 08:59;11468;GOOD;20319;GOOD;3457;GOOD;6807;GOOD;8549;GOOD;4874,11;GOOD
21/04/2023 00:16;11468;GOOD;20319;GOOD;3459;GOOD;6807;GOOD;8549;GOOD;4874,11;GOOD
21/04/2023 03:10;11468;GOOD;20324;GOOD;3459;GOOD;6807;GOOD;8549;GOOD;4874,11;GOOD
21/04/2023 05:24;11468;GOOD;20324;GOOD;3459;GOOD;6807;GOOD;8549;GOOD;4877,77;GOOD
27/04/2023 11:19;11468;GOOD;20324;GOOD;3459;GOOD;6807;GOOD;8552;GOOD;4877,77;GOOD
27/04/2023 21:08;11468;GOOD;20329;GOOD;3459;GOOD;6807;GOOD;8552;GOOD;4877,77;GOOD
27/04/2023 22:57;11468;GOOD;20329;GOOD;3464;GOOD;6807;GOOD;8552;GOOD;4877,77;GOOD
28/04/2023 01:42;11468;GOOD;20329;GOOD;3464;GOOD;6807;GOOD;8552;GOOD;4886,21;GOOD
04/05/2023 07:54;11468;GOOD;20329;GOOD;3464;GOOD;6807;GOOD;8556;GOOD;4886,21;GOOD
04/05/2023 22:53;11536,4;GOOD;20329;GOOD;3464;GOOD;6807;GOOD;8556;GOOD;4886,21;GOOD
05/05/2023 00:02;11536,4;GOOD;20329;GOOD;3464;GOOD;6807;GOOD;8556;GOOD;4892,38;GOOD
05/05/2023 01:56;11536,4;GOOD;20329;GOOD;3467;GOOD;6807;GOOD;8556;GOOD;4892,38;GOOD
11/05/2023 12:03;11536,4;GOOD;20329;GOOD;3467;GOOD;6807;GOOD;8562;GOOD;4892,38;GOOD
11/05/2023 21:01;11566,04;GOOD;20329;GOOD;3467;GOOD;6807;GOOD;8562;GOOD;4892,38;GOOD
11/05/2023 21:02;11566,04;GOOD;20329;GOOD;3467;GOOD;6807;GOOD;8562;GOOD;4892,7;GOOD
11/05/2023 23:03;11566,04;GOOD;20340;GOOD;3467;GOOD;6807;GOOD;8562;GOOD;4892,7;GOOD
12/05/2023 00:53;11566,04;GOOD;20340;GOOD;3469;GOOD;6807;GOOD;8562;GOOD;4892,7;GOOD
18/05/2023 11:11;11566,04;GOOD;20340;GOOD;3469;GOOD;6807;GOOD;8568;GOOD;4892,7;GOOD
18/05/2023 23:24;11566,04;GOOD;20346;GOOD;3469;GOOD;6807;GOOD;8568;GOOD;4892,7;GOOD
18/05/2023 23:48;11594,27;GOOD;20346;GOOD;3469;GOOD;6807;GOOD;8568;GOOD;4892,7;GOOD
18/05/2023 23:49;11594,27;GOOD;20346;GOOD;3469;GOOD;6807;GOOD;8568;GOOD;4907;GOOD
19/05/2023 00:35;11594,27;GOOD;20346;GOOD;3472;GOOD;6807;GOOD;8568;GOOD;4907;GOOD
25/05/2023 09:00;11594,27;GOOD;20346;GOOD;3472;GOOD;6807;GOOD;8575;GOOD;4907;GOOD
25/05/2023 23:08;11594,27;GOOD;20353;GOOD;3472;GOOD;6807;GOOD;8575;GOOD;4907;GOOD
25/05/2023 23:40;11594,27;GOOD;20353;GOOD;3472;GOOD;6807;GOOD;8575;GOOD;4914;GOOD
26/05/2023 00:26;11622,77;GOOD;20353;GOOD;3472;GOOD;6807;GOOD;8575;GOOD;4914;GOOD
01/06/2023 07:55;11622,77;GOOD;20353;GOOD;3472;GOOD;6807;GOOD;8580;GOOD;4914;GOOD
02/06/2023 00:10;11648,21;GOOD;20353;GOOD;3472;GOOD;6807;GOOD;8580;GOOD;4914;GOOD
02/06/2023 00:25;11648,21;GOOD;20353;GOOD;3477;GOOD;6807;GOOD;8580;GOOD;4914;GOOD
02/06/2023 05:08;11648,21;GOOD;20353;GOOD;3477;GOOD;6807;GOOD;8580;GOOD;4921;GOOD
08/06/2023 09:27;11648,21;GOOD;20353;GOOD;3477;GOOD;6807;GOOD;8589;GOOD;4921;GOOD
08/06/2023 23:01;11648,21;GOOD;20353;GOOD;3477;GOOD;6807;GOOD;8589;GOOD;4927;GOOD
08/06/2023 23:11;11677,02;GOOD;20353;GOOD;3477;GOOD;6807;GOOD;8589;GOOD;4927;GOOD
08/06/2023 23:25;11677,02;GOOD;20366;GOOD;3477;GOOD;6807;GOOD;8589;GOOD;4927;GOOD
09/06/2023 04:41;11677,02;GOOD;20366;GOOD;3479;GOOD;6807;GOOD;8589;GOOD;4927;GOOD
15/06/2023 22:41;11677,02;GOOD;20366;GOOD;3479;GOOD;6807;GOOD;8589;GOOD;4933;GOOD
15/06/2023 23:09;11705;GOOD;20366;GOOD;3479;GOOD;6807;GOOD;8589;GOOD;4933;GOOD
15/06/2023 23:21;11705;GOOD;20366;GOOD;3482;GOOD;6807;GOOD;8589;GOOD;4933;GOOD
15/06/2023 23:29;11705;GOOD;20371;GOOD;3482;GOOD;6807;GOOD;8589;GOOD;4933;GOOD
22/06/2023 07:43;11705;GOOD;20371;GOOD;3482;GOOD;6807;GOOD;8599;GOOD;4933;GOOD
22/06/2023 22:04;11705;GOOD;20380;GOOD;3482;GOOD;6807;GOOD;8599;GOOD;4933;GOOD
23/06/2023 00:17;11705;GOOD;20380;GOOD;3482;GOOD;6807;GOOD;8599;GOOD;4939;GOOD
23/06/2023 01:54;11729;GOOD;20380;GOOD;3482;GOOD;6807;GOOD;8599;GOOD;4939;GOOD
23/06/2023 02:27;11729;GOOD;20380;GOOD;3482,89;GOOD;6807;GOOD;8599;GOOD;4939;GOOD
23/06/2023 02:42;11729;GOOD;20380;GOOD;3482,89;GOOD;6827,2;GOOD;8599;GOOD;4939;GOOD
29/06/2023 08:05;11729;GOOD;20380;GOOD;3482,89;GOOD;6827,2;GOOD;8604;GOOD;4939;GOOD
29/06/2023 21:01;11729;GOOD;20380;GOOD;3482,89;GOOD;6827,2;GOOD;8604;GOOD;4962;GOOD
29/06/2023 21:01;11677,02;GOOD;20380;GOOD;3482,89;GOOD;6827,2;GOOD;8604;GOOD;4962;GOOD
29/06/2023 23:31;11677,02;GOOD;20385;GOOD;3482,89;GOOD;6827,2;GOOD;8604;GOOD;4962;GOOD
30/06/2023 00:56;11677,02;GOOD;20385;GOOD;3484;GOOD;6827,2;GOOD;8604;GOOD;4962;GOOD
06/07/2023 08:11;11677,02;GOOD;20385;GOOD;3484;GOOD;6827,2;GOOD;8608;GOOD;4962;GOOD
06/07/2023 21:03;11677,02;GOOD;20385;GOOD;3485;GOOD;6827,2;GOOD;8608;GOOD;4962;GOOD
06/07/2023 22:21;11677,02;GOOD;20385;GOOD;3485;GOOD;6827,2;GOOD;8608;GOOD;4963;GOOD
06/07/2023 22:41;11758;GOOD;20385;GOOD;3485;GOOD;6827,2;GOOD;8608;GOOD;4963;GOOD
07/07/2023 00:20;11758;GOOD;20393;GOOD;3485;GOOD;6827,2;GOOD;8608;GOOD;4963;GOOD
13/07/2023 06:04;11758;GOOD;20393;GOOD;3485;GOOD;6827,2;GOOD;8613;GOOD;4963;GOOD
13/07/2023 23:22;11758;GOOD;20393;GOOD;3485;GOOD;6827,2;GOOD;8613;GOOD;4967;GOOD
14/07/2023 00:46;11758;GOOD;20399;GOOD;3485;GOOD;6827,2;GOOD;8613;GOOD;4967;GOOD
14/07/2023 00:52;11758;GOOD;20399;GOOD;3486;GOOD;6827,2;GOOD;8613;GOOD;4967;GOOD
14/07/2023 03:17;11766;GOOD;20399;GOOD;3486;GOOD;6827,2;GOOD;8613;GOOD;4967;GOOD
20/07/2023 08:45;11766;GOOD;20399;GOOD;3486;GOOD;6827,2;GOOD;8617;GOOD;4967;GOOD
20/07/2023 22:16;11766;GOOD;20399;GOOD;3494;GOOD;6827,2;GOOD;8617;GOOD;4967;GOOD
20/07/2023 22:31;11766;GOOD;20406;GOOD;3494;GOOD;6827,2;GOOD;8617;GOOD;4967;GOOD
20/07/2023 23:55;11786;GOOD;20406;GOOD;3494;GOOD;6827,2;GOOD;8617;GOOD;4967;GOOD
27/07/2023 06:11;11786;GOOD;20406;GOOD;3494;GOOD;6827,2;GOOD;8621;GOOD;4967;GOOD
27/07/2023 22:30;11786;GOOD;20406;GOOD;3503;GOOD;6827,2;GOOD;8621;GOOD;4967;GOOD
27/07/2023 22:50;11786;GOOD;20406;GOOD;3503;GOOD;6833;GOOD;8621;GOOD;4967;GOOD
27/07/2023 23:05;11786;GOOD;20412;GOOD;3503;GOOD;6833;GOOD;8621;GOOD;4967;GOOD
27/07/2023 23:19;11786;GOOD;20412;GOOD;3503;GOOD;6833;GOOD;8621;GOOD;4970;GOOD
27/07/2023 23:25;11799;GOOD;20412;GOOD;3503;GOOD;6833;GOOD;8621;GOOD;4970;GOOD
03/08/2023 08:59;11799;GOOD;20412;GOOD;3503;GOOD;6833;GOOD;8625;GOOD;4970;GOOD
03/08/2023 21:07;11799;GOOD;20419;GOOD;3503;GOOD;6833;GOOD;8625;GOOD;4970;GOOD
04/08/2023 00:14;11783;GOOD;20419;GOOD;3503;GOOD;6833;GOOD;8625;GOOD;4970;GOOD
04/08/2023 00:15;11783;GOOD;20419;GOOD;3503;GOOD;6833;GOOD;8625;GOOD;4971,21;GOOD
04/08/2023 00:55;11783;GOOD;20419;GOOD;3505;GOOD;6833;GOOD;8625;GOOD;4971,21;GOOD
10/08/2023 07:43;11783;GOOD;20419;GOOD;3505;GOOD;6833;GOOD;8629;GOOD;4971,21;GOOD
10/08/2023 21:09;11783;GOOD;20419;GOOD;3508;GOOD;6833;GOOD;8629;GOOD;4971,21;GOOD
10/08/2023 23:14;11783;GOOD;20419;GOOD;3508;GOOD;6833;GOOD;8629;GOOD;4971,8;GOOD
10/08/2023 23:38;11788;GOOD;20419;GOOD;3508;GOOD;6833;GOOD;8629;GOOD;4971,8;GOOD
11/08/2023 00:09;11788;GOOD;20426;GOOD;3508;GOOD;6833;GOOD;8629;GOOD;4971,8;GOOD
17/08/2023 08:43;11792;GOOD;20426;GOOD;3508;GOOD;6833;GOOD;8629;GOOD;4971,8;GOOD
17/08/2023 09:22;11792;GOOD;20426;GOOD;3508;GOOD;6833;GOOD;8641;GOOD;4971,8;GOOD
17/08/2023 21:06;11792;GOOD;20426;GOOD;3508;GOOD;6833;GOOD;8641;GOOD;4972,22;GOOD
18/08/2023 00:25;11792;GOOD;20432;GOOD;3508;GOOD;6833;GOOD;8641;GOOD;4972,22;GOOD
18/08/2023 01:33;11792;GOOD;20432;GOOD;3511;GOOD;6833;GOOD;8641;GOOD;4972,22;GOOD
24/08/2023 06:03;11797;GOOD;20432;GOOD;3511;GOOD;6833;GOOD;8641;GOOD;4972,22;GOOD
24/08/2023 10:02;11797;GOOD;20432;GOOD;3511;GOOD;6833;GOOD;8644;GOOD;4972,22;GOOD
24/08/2023 21:04;11797;GOOD;20441;GOOD;3511;GOOD;6833;GOOD;8644;GOOD;4972,22;GOOD
25/08/2023 01:24;11797;GOOD;20441;GOOD;3514;GOOD;6833;GOOD;8644;GOOD;4972,22;GOOD
31/08/2023 06:02;11797;GOOD;20441;GOOD;3514;GOOD;6833;GOOD;8650;GOOD;4972,22;GOOD
31/08/2023 07:04;11803;GOOD;20441;GOOD;3514;GOOD;6833;GOOD;8650;GOOD;4972,22;GOOD
31/08/2023 23:26;11803;GOOD;20452;GOOD;3514;GOOD;6833;GOOD;8650;GOOD;4972,22;GOOD
01/09/2023 00:03;11803;GOOD;20452;GOOD;3514;GOOD;6833;GOOD;8650;GOOD;4973;GOOD
01/09/2023 02:50;11803;GOOD;20452;GOOD;3514;GOOD;6842,24;GOOD;8650;GOOD;4973;GOOD
01/09/2023 02:54;11803;GOOD;20452;GOOD;3515;GOOD;6842,24;GOOD;8650;GOOD;4973;GOOD
07/09/2023 09:15;11803;GOOD;20452;GOOD;3515;GOOD;6842,24;GOOD;8658;GOOD;4973;GOOD
07/09/2023 11:44;11809;GOOD;20452;GOOD;3515;GOOD;6842,24;GOOD;8658;GOOD;4973;GOOD
07/09/2023 22:07;11809;GOOD;20452;GOOD;3515;GOOD;6843,77;GOOD;8658;GOOD;4973;GOOD
07/09/2023 22:07;11809;GOOD;20452;GOOD;3520;GOOD;6843,77;GOOD;8658;GOOD;4973;GOOD
07/09/2023 23:32;11809;GOOD;20461;GOOD;3520;GOOD;6843,77;GOOD;8658;GOOD;4973;GOOD
14/09/2023 08:30;11815;GOOD;20461;GOOD;3520;GOOD;6843,77;GOOD;8658;GOOD;4973;GOOD
14/09/2023 09:41;11815;GOOD;20461;GOOD;3520;GOOD;6843,77;GOOD;8672;GOOD;4973;GOOD
15/09/2023 00:13;11815;GOOD;20461;GOOD;3520;GOOD;6843,77;GOOD;8672;GOOD;4975;GOOD
21/09/2023 08:17;11820;GOOD;20461;GOOD;3520;GOOD;6843,77;GOOD;8672;GOOD;4975;GOOD
21/09/2023 09:26;11820;GOOD;20461;GOOD;3520;GOOD;6843,77;GOOD;8694;GOOD;4975;GOOD
21/09/2023 23:40;11820;GOOD;20480;GOOD;3520;GOOD;6843,77;GOOD;8694;GOOD;4975;GOOD
22/09/2023 01:37;11820;GOOD;20480;GOOD;3523;GOOD;6843,77;GOOD;8694;GOOD;4975;GOOD
22/09/2023 03:55;11820;GOOD;20480;GOOD;3523;GOOD;6843,77;GOOD;8694;GOOD;4976;GOOD
28/09/2023 10:24;11825;GOOD;20480;GOOD;3523;GOOD;6843,77;GOOD;8694;GOOD;4976;GOOD
28/09/2023 23:05;11825;GOOD;20480;GOOD;3523;GOOD;6843,77;GOOD;8694;GOOD;4980;GOOD
05/10/2023 11:02;11831;GOOD;20480;GOOD;3523;GOOD;6843,77;GOOD;8694;GOOD;4980;GOOD
05/10/2023 21:04;11831;GOOD;20480;GOOD;3523;GOOD;6843,77;GOOD;8694;GOOD;4983;GOOD
06/10/2023 02:39;11831;GOOD;20481;GOOD;3523;GOOD;6843,77;GOOD;8694;GOOD;4983;GOOD
12/10/2023 06:02;11835,87;GOOD;20481;GOOD;3523;GOOD;6843,77;GOOD;8694;GOOD;4983;GOOD
12/10/2023 08:28;11835,87;GOOD;20481;GOOD;3523;GOOD;6843,77;GOOD;9198;GOOD;4983;GOOD
12/10/2023 21:11;11835,87;GOOD;20580;GOOD;3523;GOOD;6843,77;GOOD;9198;GOOD;4983;GOOD
12/10/2023 23:27;11835,87;GOOD;20580;GOOD;3523;GOOD;6843,77;GOOD;9198;GOOD;4990;GOOD
19/10/2023 06:05;11841,01;GOOD;20580;GOOD;3523;GOOD;6843,77;GOOD;9198;GOOD;4990;GOOD
19/10/2023 07:50;11841,01;GOOD;20580;GOOD;3523;GOOD;6843,77;GOOD;9380;GOOD;4990;GOOD
19/10/2023 22:18;11841,01;GOOD;20580;GOOD;3550;GOOD;6843,77;GOOD;9380;GOOD;4990;GOOD
19/10/2023 22:18;11841,01;GOOD;20580;GOOD;3550;GOOD;6848;GOOD;9380;GOOD;4990;GOOD
19/10/2023 23:15;11841,01;GOOD;20580;GOOD;3550;GOOD;6848;GOOD;9380;GOOD;4992;GOOD
26/10/2023 08:41;11847;GOOD;20580;GOOD;3550;GOOD;6848;GOOD;9380;GOOD;4992;GOOD
26/10/2023 23:53;11847;GOOD;20580;GOOD;3553;GOOD;6848;GOOD;9380;GOOD;4992;GOOD
27/10/2023 00:08;11847;GOOD;20658;GOOD;3553;GOOD;6848;GOOD;9380;GOOD;4992;GOOD
02/11/2023 08:53;11847;GOOD;20658;GOOD;3553;GOOD;6848;GOOD;10897;GOOD;4992;GOOD
02/11/2023 10:13;11852;GOOD;20658;GOOD;3553;GOOD;6848;GOOD;10897;GOOD;4992;GOOD
03/11/2023 00:01;11852;GOOD;20692;GOOD;3553;GOOD;6848;GOOD;10897;GOOD;4992;GOOD
03/11/2023 00:08;11852;GOOD;20692;GOOD;3554;GOOD;6848;GOOD;10897;GOOD;4992;GOOD
09/11/2023 06:57;11858;GOOD;20692;GOOD;3554;GOOD;6848;GOOD;10897;GOOD;4992;GOOD
09/11/2023 07:35;11858;GOOD;20692;GOOD;3554;GOOD;6848;GOOD;11993;GOOD;4992;GOOD
10/11/2023 00:31;11858;GOOD;20692;GOOD;3564;GOOD;6848;GOOD;11993;GOOD;4992;GOOD
16/11/2023 09:34;11864;GOOD;20692;GOOD;3564;GOOD;6848;GOOD;11993;GOOD;4992;GOOD
16/11/2023 13:18;11864;GOOD;20692;GOOD;3564;GOOD;6848;GOOD;12003;GOOD;4992;GOOD
17/11/2023 00:24;11864;GOOD;20692;GOOD;3564;GOOD;6848;GOOD;12003;GOOD;5010;GOOD
17/11/2023 00:40;11864;GOOD;20755;GOOD;3564;GOOD;6848;GOOD;12003;GOOD;5010;GOOD
23/11/2023 08:39;11871;GOOD;20755;GOOD;3564;GOOD;6848;GOOD;12003;GOOD;5010;GOOD
23/11/2023 21:01;11871;GOOD;20755;GOOD;3564;GOOD;6848;GOOD;12003;GOOD;5011;GOOD
30/11/2023 06:02;11877;GOOD;20755;GOOD;3564;GOOD;6848;GOOD;12003;GOOD;5011;GOOD
30/11/2023 10:04;11877;GOOD;20755;GOOD;3564;GOOD;6848;GOOD;16997;GOOD;5011;GOOD
30/11/2023 22:39;11877;GOOD;20755;GOOD;3564;GOOD;6848;GOOD;16997;GOOD;5016;GOOD
30/11/2023 23:54;11877;GOOD;20818;GOOD;3564;GOOD;6848;GOOD;16997;GOOD;5016;GOOD
07/12/2023 07:24;11877;GOOD;20818;GOOD;3564;GOOD;6848;GOOD;18817;GOOD;5016;GOOD
07/12/2023 08:30;11882;GOOD;20818;GOOD;3564;GOOD;6848;GOOD;18817;GOOD;5016;GOOD
08/12/2023 01:44;11882;GOOD;20818;GOOD;3564;GOOD;6848;GOOD;18817;GOOD;5025;GOOD
08/12/2023 02:24;11882;GOOD;20851;GOOD;3564;GOOD;6848;GOOD;18817;GOOD;5025;GOOD
14/12/2023 09:07;11882;GOOD;20851;GOOD;3564;GOOD;6848;GOOD;20697;GOOD;5025;GOOD
14/12/2023 10:21;11887;GOOD;20851;GOOD;3564;GOOD;6848;GOOD;20697;GOOD;5025;GOOD
14/12/2023 23:04;11887;GOOD;20870;GOOD;3564;GOOD;6848;GOOD;20697;GOOD;5025;GOOD
15/12/2023 01:25;11887;GOOD;20870;GOOD;3582;GOOD;6848;GOOD;20697;GOOD;5025;GOOD
21/12/2023 08:56;11949,28;GOOD;20870;GOOD;3582;GOOD;6848;GOOD;20697;GOOD;5025;GOOD
21/12/2023 09:06;11949,28;GOOD;20870;GOOD;3582;GOOD;6848;GOOD;22629;GOOD;5025;GOOD
21/12/2023 23:44;11949,28;GOOD;20884;GOOD;3582;GOOD;6848;GOOD;22629;GOOD;5025;GOOD
28/12/2023 08:24;11949,28;GOOD;20884;GOOD;3582;GOOD;6848;GOOD;24486;GOOD;5025;GOOD
28/12/2023 10:11;11952,83;GOOD;20884;GOOD;3582;GOOD;6848;GOOD;24486;GOOD;5025;GOOD
29/12/2023 01:44;11952,83;GOOD;20884;GOOD;3582;GOOD;6848;GOOD;24486;GOOD;5045;GOOD
29/12/2023 03:52;11952,83;GOOD;20884;GOOD;3590;GOOD;6848;GOOD;24486;GOOD;5045;GOOD
04/01/2024 07:48;11955,81;GOOD;20884;GOOD;3590;GOOD;6848;GOOD;24486;GOOD;5045;GOOD
04/01/2024 09:30;11955,81;GOOD;20884;GOOD;3590;GOOD;6848;GOOD;26378;GOOD;5045;GOOD
04/01/2024 23:26;11955,81;GOOD;20894;GOOD;3590;GOOD;6848;GOOD;26378;GOOD;5045;GOOD
05/01/2024 00:43;11955,81;GOOD;20894;GOOD;3591;GOOD;6848;GOOD;26378;GOOD;5045;GOOD
05/01/2024 00:53;11955,81;GOOD;20894;GOOD;3591;GOOD;6848;GOOD;26378;GOOD;5033;GOOD
11/01/2024 06:02;11955,81;GOOD;20894;GOOD;3591;GOOD;6848;GOOD;26606;GOOD;5033;GOOD
11/01/2024 08:10;11960,34;GOOD;20894;GOOD;3591;GOOD;6848;GOOD;26606;GOOD;5033;GOOD
12/01/2024 00:51;11960,34;GOOD;20901,2;GOOD;3591;GOOD;6848;GOOD;26606;GOOD;5033;GOOD
18/01/2024 06:02;11966,18;GOOD;20901,2;GOOD;3591;GOOD;6848;GOOD;26606;GOOD;5033;GOOD
18/01/2024 11:28;11966,18;GOOD;20901,2;GOOD;3591;GOOD;6848;GOOD;26614;GOOD;5033;GOOD
18/01/2024 23:39;11966,18;GOOD;20901,2;GOOD;3591;GOOD;6848;GOOD;26614;GOOD;5036;GOOD
19/01/2024 01:11;11966,18;GOOD;20912;GOOD;3591;GOOD;6848;GOOD;26614;GOOD;5036;GOOD
19/01/2024 03:05;11966,18;GOOD;20912;GOOD;3602,38;GOOD;6848;GOOD;26614;GOOD;5036;GOOD
25/01/2024 06:13;11970,75;GOOD;20912;GOOD;3602,38;GOOD;6848;GOOD;26614;GOOD;5036;GOOD
25/01/2024 08:29;11970,75;GOOD;20912;GOOD;3602,38;GOOD;6848;GOOD;26617;GOOD;5036;GOOD
25/01/2024 23:40;11970,75;GOOD;20912;GOOD;3602,38;GOOD;6886,24;GOOD;26617;GOOD;5036;GOOD
25/01/2024 23:42;11970,75;GOOD;20912;GOOD;3603,98;GOOD;6886,24;GOOD;26617;GOOD;5036;GOOD
26/01/2024 00:44;11970,75;GOOD;20913;GOOD;3603,98;GOOD;6886,24;GOOD;26617;GOOD;5036;GOOD
01/02/2024 07:55;11970,75;GOOD;20913;GOOD;3603,98;GOOD;6886,24;GOOD;26622;GOOD;5036;GOOD
01/02/2024 08:43;11975,15;GOOD;20913;GOOD;3603,98;GOOD;6886,24;GOOD;26622;GOOD;5036;GOOD
01/02/2024 23:28;11975,15;GOOD;20920;GOOD;3603,98;GOOD;6886,24;GOOD;26622;GOOD;5036;GOOD
08/02/2024 08:22;11975,15;GOOD;20920;GOOD;3603,98;GOOD;6886,24;GOOD;26626;GOOD;5036;GOOD
08/02/2024 10:02;11979,74;GOOD;20920;GOOD;3603,98;GOOD;6886,24;GOOD;26626;GOOD;5036;GOOD
08/02/2024 23:03;11979,74;GOOD;20929;GOOD;3603,98;GOOD;6886,24;GOOD;26626;GOOD;5036;GOOD
09/02/2024 01:13;11979,74;GOOD;20929;GOOD;3603,98;GOOD;6886,24;GOOD;26626;GOOD;5043,16;GOOD
09/02/2024 01:56;11979,74;GOOD;20929;GOOD;3612,4;GOOD;6886,24;GOOD;26626;GOOD;5043,16;GOOD
15/02/2024 08:17;11983,88;GOOD;20929;GOOD;3612,4;GOOD;6886,24;GOOD;26626;GOOD;5043,16;GOOD
15/02/2024 09:58;11983,88;GOOD;20929;GOOD;3612,4;GOOD;6886,24;GOOD;26639;GOOD;5043,16;GOOD
15/02/2024 23:06;11983,88;GOOD;20942;GOOD;3612,4;GOOD;6886,24;GOOD;26639;GOOD;5043,16;GOOD
16/02/2024 01:23;11983,88;GOOD;20942;GOOD;3615;GOOD;6886,24;GOOD;26639;GOOD;5043,16;GOOD
16/02/2024 01:24;11983,88;GOOD;20942;GOOD;3615;GOOD;6886,24;GOOD;26639;GOOD;5047;GOOD
22/02/2024 08:55;11983,88;GOOD;20942;GOOD;3615;GOOD;6886,24;GOOD;26647;GOOD;5047;GOOD
22/02/2024 10:19;11983,95;GOOD;20942;GOOD;3615;GOOD;6886,24;GOOD;26647;GOOD;5047;GOOD
22/02/2024 23:36;11983,95;GOOD;20949;GOOD;3615;GOOD;6886,24;GOOD;26647;GOOD;5047;GOOD
23/02/2024 00:45;11983,95;GOOD;20949;GOOD;3615;GOOD;6886,24;GOOD;26647;GOOD;5048;GOOD
23/02/2024 00:46;11983,95;GOOD;20949;GOOD;3617;GOOD;6886,24;GOOD;26647;GOOD;5048;GOOD
23/02/2024 01:15;11983,95;GOOD;20949;GOOD;3617;GOOD;6890;GOOD;26647;GOOD;5048;GOOD
29/02/2024 06:11;11983,95;GOOD;20949;GOOD;3617;GOOD;6890;GOOD;26660;GOOD;5048;GOOD
29/02/2024 08:17;11994,31;GOOD;20949;GOOD;3617;GOOD;6890;GOOD;26660;GOOD;5048;GOOD
29/02/2024 21:03;11994,31;GOOD;20949;GOOD;3617;GOOD;6890;GOOD;26660;GOOD;5049,47;GOOD
29/02/2024 23:26;11994,31;GOOD;20956,06;GOOD;3617;GOOD;6890;GOOD;26660;GOOD;5049,47;GOOD
07/03/2024 06:06;11998;GOOD;20956,06;GOOD;3617;GOOD;6890;GOOD;26660;GOOD;5049,47;GOOD
07/03/2024 11:32;11998;GOOD;20956,06;GOOD;3617;GOOD;6890;GOOD;26666;GOOD;5049,47;GOOD
08/03/2024 00:52;11998;GOOD;20956,06;GOOD;3617;GOOD;6921;GOOD;26666;GOOD;5049,47;GOOD
08/03/2024 00:56;11998;GOOD;20956,06;GOOD;3621;GOOD;6921;GOOD;26666;GOOD;5049,47;GOOD
08/03/2024 01:05;11998;GOOD;20956,06;GOOD;3621;GOOD;6921;GOOD;26666;GOOD;5050,62;GOOD
14/03/2024 07:48;12003;GOOD;20956,06;GOOD;3621;GOOD;6921;GOOD;26666;GOOD;5050,62;GOOD
14/03/2024 11:23;12003;GOOD;20956,06;GOOD;3621;GOOD;6921;GOOD;26733;GOOD;5050,62;GOOD
14/03/2024 22:53;12003;GOOD;20956,06;GOOD;3621;GOOD;6921,792;GOOD;26733;GOOD;5050,62;GOOD
14/03/2024 22:56;12003;GOOD;20956,06;GOOD;3626;GOOD;6921,792;GOOD;26733;GOOD;5050,62;GOOD
14/03/2024 23:02;12003;GOOD;20971,14;GOOD;3626;GOOD;6921,792;GOOD;26733;GOOD;5050,62;GOOD
21/03/2024 11:09;12003;GOOD;20971,14;GOOD;3626;GOOD;6921,792;GOOD;26775;GOOD;5050,62;GOOD
21/03/2024 23:54;12003;GOOD;20978,07;GOOD;3626;GOOD;6921,792;GOOD;26775;GOOD;5050,62;GOOD
28/03/2024 08:20;12003;GOOD;20978,07;GOOD;3626;GOOD;6921,792;GOOD;26880;GOOD;5050,62;GOOD
28/03/2024 23:58;12003;GOOD;20978,07;GOOD;3626;GOOD;6923,739;GOOD;26880;GOOD;5050,62;GOOD
29/03/2024 00:00;12003;GOOD;20978,07;GOOD;3626;GOOD;6923,739;GOOD;26880;GOOD;5054,14;GOOD
29/03/2024 00:01;12003;GOOD;20978,07;GOOD;3629,54;GOOD;6923,739;GOOD;26880;GOOD;5054,14;GOOD
29/03/2024 00:14;12003;GOOD;20984;GOOD;3629,54;GOOD;6923,739;GOOD;26880;GOOD;5054,14;GOOD
04/04/2024 08:17;12015;GOOD;20984;GOOD;3629,54;GOOD;6923,739;GOOD;26880;GOOD;5054,14;GOOD
04/04/2024 08:38;12015;GOOD;20984;GOOD;3629,54;GOOD;6923,739;GOOD;26887;GOOD;5054,14;GOOD
04/04/2024 23:36;12015;GOOD;20990;GOOD;3629,54;GOOD;6923,739;GOOD;26887;GOOD;5054,14;GOOD
05/04/2024 00:05;12015;GOOD;20990;GOOD;3629,54;GOOD;6923,739;GOOD;26887;GOOD;5054,88;GOOD
05/04/2024 00:14;12015;GOOD;20990;GOOD;3633;GOOD;6923,739;GOOD;26887;GOOD;5054,88;GOOD
11/04/2024 09:11;12015;GOOD;20990;GOOD;3633;GOOD;6923,739;GOOD;26904;GOOD;5054,88;GOOD
11/04/2024 22:36;12015;GOOD;20990;GOOD;3633;GOOD;6923,739;GOOD;26904;GOOD;5055,5;GOOD
12/04/2024 00:50;12015;GOOD;20997;GOOD;3633;GOOD;6923,739;GOOD;26904;GOOD;5055,5;GOOD
12/04/2024 02:35;12015;GOOD;20997;GOOD;3633;GOOD;6924,705;GOOD;26904;GOOD;5055,5;GOOD
12/04/2024 02:37;12015;GOOD;20997;GOOD;3634;GOOD;6924,705;GOOD;26904;GOOD;5055,5;GOOD
18/04/2024 06:04;12015;GOOD;20997;GOOD;3634;GOOD;6924,705;GOOD;26908;GOOD;5055,5;GOOD
18/04/2024 07:45;12024;GOOD;20997;GOOD;3634;GOOD;6924,705;GOOD;26908;GOOD;5055,5;GOOD
18/04/2024 23:58;12024;GOOD;20997;GOOD;3634;GOOD;6934,767;GOOD;26908;GOOD;5055,5;GOOD
19/04/2024 00:01;12024;GOOD;20997;GOOD;3636;GOOD;6934,767;GOOD;26908;GOOD;5055,5;GOOD
19/04/2024 00:32;12024;GOOD;20997;GOOD;3636;GOOD;6934,767;GOOD;26908;GOOD;5056,34;GOOD
19/04/2024 04:03;12024;GOOD;21012;GOOD;3636;GOOD;6934,767;GOOD;26908;GOOD;5056,34;GOOD
25/04/2024 08:37;12029;GOOD;21012;GOOD;3636;GOOD;6934,767;GOOD;26908;GOOD;5056,34;GOOD
25/04/2024 09:02;12029;GOOD;21012;GOOD;3636;GOOD;6934,767;GOOD;26936;GOOD;5056,34;GOOD
25/04/2024 23:03;12029;GOOD;21012;GOOD;3636;GOOD;6934,767;GOOD;26936;GOOD;5057;GOOD
02/05/2024 08:29;12029;GOOD;21012;GOOD;3636;GOOD;6934,767;GOOD;26978;GOOD;5057;GOOD
02/05/2024 09:00;12033;GOOD;21012;GOOD;3636;GOOD;6934,767;GOOD;26978;GOOD;5057;GOOD
02/05/2024 22:24;12033;GOOD;21017;GOOD;3636;GOOD;6934,767;GOOD;26978;GOOD;5057;GOOD
03/05/2024 02:55;12033;GOOD;21017;GOOD;3636;GOOD;6946,603;GOOD;26978;GOOD;5057;GOOD
03/05/2024 02:57;12033;GOOD;21017;GOOD;3643,3;GOOD;6946,603;GOOD;26978;GOOD;5057;GOOD
09/05/2024 09:18;12037;GOOD;21017;GOOD;3643,3;GOOD;6946,603;GOOD;26978;GOOD;5057;GOOD
09/05/2024 09:53;12037;GOOD;21017;GOOD;3643,3;GOOD;6946,603;GOOD;26988;GOOD;5057;GOOD
09/05/2024 22:35;12037;GOOD;21021;GOOD;3643,3;GOOD;6946,603;GOOD;26988;GOOD;5057;GOOD
10/05/2024 00:19;12037;GOOD;21021;GOOD;3643,3;GOOD;6947,49;GOOD;26988;GOOD;5057;GOOD
10/05/2024 00:25;12037;GOOD;21021;GOOD;3645,46;GOOD;6947,49;GOOD;26988;GOOD;5057;GOOD
16/05/2024 06:13;12037;GOOD;21021;GOOD;3645,46;GOOD;6947,49;GOOD;27089;GOOD;5057;GOOD
16/05/2024 08:49;12041;GOOD;21021;GOOD;3645,46;GOOD;6947,49;GOOD;27089;GOOD;5057;GOOD
16/05/2024 23:34;12041;GOOD;21028;GOOD;3645,46;GOOD;6947,49;GOOD;27089;GOOD;5057;GOOD
17/05/2024 03:29;12041;GOOD;21028;GOOD;3646,9;GOOD;6947,49;GOOD;27089;GOOD;5057;GOOD
23/05/2024 08:58;12046;GOOD;21028;GOOD;3646,9;GOOD;6947,49;GOOD;27089;GOOD;5057;GOOD
23/05/2024 10:03;12046;GOOD;21028;GOOD;3646,9;GOOD;6947,49;GOOD;27114;GOOD;5057;GOOD
23/05/2024 23:28;12046;GOOD;21031;GOOD;3646,9;GOOD;6947,49;GOOD;27114;GOOD;5057;GOOD
30/05/2024 07:36;12051;GOOD;21031;GOOD;3646,9;GOOD;6947,49;GOOD;27114;GOOD;5057;GOOD
30/05/2024 08:50;12051;GOOD;21031;GOOD;3646,9;GOOD;6947,49;GOOD;27130;GOOD;5057;GOOD
30/05/2024 21:09;12051;GOOD;21031;GOOD;3646,9;GOOD;6952,47;GOOD;27130;GOOD;5057;GOOD
30/05/2024 21:09;12051;GOOD;21031;GOOD;3650,5;GOOD;6952,47;GOOD;27130;GOOD;5057;GOOD
30/05/2024 23:05;12051;GOOD;21040;GOOD;3650,5;GOOD;6952,47;GOOD;27130;GOOD;5057;GOOD
30/05/2024 23:48;12051;GOOD;21040;GOOD;3650,5;GOOD;6952,47;GOOD;27130;GOOD;5061;GOOD
06/06/2024 09:17;12056;GOOD;21040;GOOD;3650,5;GOOD;6952,47;GOOD;27130;GOOD;5061;GOOD
06/06/2024 10:05;12056;GOOD;21040;GOOD;3650,5;GOOD;6952,47;GOOD;27137;GOOD;5061;GOOD
06/06/2024 21:06;12056;GOOD;21040;GOOD;3650,5;GOOD;6952,47;GOOD;27137;GOOD;5062;GOOD
06/06/2024 22:51;12056;GOOD;21046;GOOD;3650,5;GOOD;6952,47;GOOD;27137;GOOD;5062;GOOD
13/06/2024 06:02;12061;GOOD;21046;GOOD;3650,5;GOOD;6952,47;GOOD;27137;GOOD;5062;GOOD
13/06/2024 10:25;12061;GOOD;21046;GOOD;3650,5;GOOD;6952,47;GOOD;27143;GOOD;5062;GOOD
13/06/2024 22:32;12061;GOOD;21052;GOOD;3650,5;GOOD;6952,47;GOOD;27143;GOOD;5062;GOOD
20/06/2024 08:06;12064;GOOD;21052;GOOD;3650,5;GOOD;6952,47;GOOD;27143;GOOD;5062;GOOD
20/06/2024 10:19;12064;GOOD;21052;GOOD;3650,5;GOOD;6952,47;GOOD;27146;GOOD;5062;GOOD
20/06/2024 23:38;12064;GOOD;21058;GOOD;3650,5;GOOD;6952,47;GOOD;27146;GOOD;5062;GOOD
21/06/2024 01:20;12064;GOOD;21058;GOOD;3650,5;GOOD;6955,265;GOOD;27146;GOOD;5062;GOOD
21/06/2024 01:23;12064;GOOD;21058;GOOD;3663,3;GOOD;6955,265;GOOD;27146;GOOD;5062;GOOD
21/06/2024 01:26;12064;GOOD;21058;GOOD;3663,3;GOOD;6955,265;GOOD;27146;GOOD;5063;GOOD
27/06/2024 08:36;12064;GOOD;21058;GOOD;3663,3;GOOD;6955,265;GOOD;8541;GOOD;5063;GOOD
27/06/2024 09:21;12073;GOOD;21058;GOOD;3663,3;GOOD;6955,265;GOOD;8541;GOOD;5063;GOOD
27/06/2024 22:36;12073;GOOD;21069;GOOD;3663,3;GOOD;6955,265;GOOD;8541;GOOD;5063;GOOD
28/06/2024 00:41;12073;GOOD;21069;GOOD;3663,3;GOOD;6955,265;GOOD;8541;GOOD;5064;GOOD
28/06/2024 04:06;12073;GOOD;21069;GOOD;3664,54;GOOD;6955,265;GOOD;8541;GOOD;5064;GOOD
28/06/2024 04:11;12073;GOOD;21069;GOOD;3664,54;GOOD;6956,667;GOOD;8541;GOOD;5064;GOOD
04/07/2024 10:05;12078;GOOD;21069;GOOD;3664,54;GOOD;6956,667;GOOD;8541;GOOD;5064;GOOD
04/07/2024 23:57;12078;GOOD;21078;GOOD;3664,54;GOOD;6956,667;GOOD;8541;GOOD;5064;GOOD
05/07/2024 00:13;12078;GOOD;21078;GOOD;3664,54;GOOD;6956,667;GOOD;8541;GOOD;5065,63;GOOD
05/07/2024 00:14;12078;GOOD;21078;GOOD;3664,54;GOOD;6961,872;GOOD;8541;GOOD;5065,63;GOOD
05/07/2024 00:17;12078;GOOD;21078;GOOD;3666;GOOD;6961,872;GOOD;8541;GOOD;5065,63;GOOD
11/07/2024 08:32;12084;GOOD;21078;GOOD;3666;GOOD;6961,872;GOOD;8541;GOOD;5065,63;GOOD
11/07/2024 08:38;12084;GOOD;21078;GOOD;3666;GOOD;6961,872;GOOD;27171;GOOD;5065,63;GOOD
12/07/2024 00:36;12084;GOOD;21078;GOOD;3666;GOOD;6961,872;GOOD;27171;GOOD;5066,8;GOOD
12/07/2024 01:17;12084;GOOD;21085;GOOD;3666;GOOD;6961,872;GOOD;27171;GOOD;5066,8;GOOD
18/07/2024 08:20;12084;GOOD;21085;GOOD;3666;GOOD;6961,872;GOOD;27175;GOOD;5066,8;GOOD
18/07/2024 09:04;12093;GOOD;21085;GOOD;3666;GOOD;6961,872;GOOD;27175;GOOD;5066,8;GOOD
18/07/2024 23:41;12093;GOOD;21094;GOOD;3666;GOOD;6961,872;GOOD;27175;GOOD;5066,8;GOOD
18/07/2024 23:56;12093;GOOD;21094;GOOD;3666;GOOD;6961,872;GOOD;27175;GOOD;5067,66;GOOD
25/07/2024 09:11;12099;GOOD;21094;GOOD;3666;GOOD;6961,872;GOOD;27175;GOOD;5067,66;GOOD
25/07/2024 11:12;12099;GOOD;21094;GOOD;3666;GOOD;6961,872;GOOD;27182;GOOD;5067,66;GOOD
25/07/2024 23:10;12099;GOOD;21097;GOOD;3666;GOOD;6961,872;GOOD;27182;GOOD;5067,66;GOOD
26/07/2024 00:32;12099;GOOD;21097;GOOD;3666;GOOD;6961,872;GOOD;27182;GOOD;5068;GOOD
26/07/2024 02:09;12099;GOOD;21097;GOOD;3666;GOOD;6966;GOOD;27182;GOOD;5068;GOOD
26/07/2024 02:11;12099;GOOD;21097;GOOD;3670;GOOD;6966;GOOD;27182;GOOD;5068;GOOD
01/08/2024 08:56;12099;GOOD;21097;GOOD;3670;GOOD;6966;GOOD;27188;GOOD;5068;GOOD
01/08/2024 09:54;12107;GOOD;21097;GOOD;3670;GOOD;6966;GOOD;27188;GOOD;5068;GOOD
01/08/2024 23:37;12107;GOOD;21103,49;GOOD;3670;GOOD;6966;GOOD;27188;GOOD;5068;GOOD
02/08/2024 00:45;12107;GOOD;21103,49;GOOD;3670;GOOD;6966;GOOD;27188;GOOD;5069;GOOD
02/08/2024 01:16;12107;GOOD;21103,49;GOOD;3670;GOOD;6967;GOOD;27188;GOOD;5069;GOOD
02/08/2024 01:21;12107;GOOD;21103,49;GOOD;3673;GOOD;6967;GOOD;27188;GOOD;5069;GOOD
08/08/2024 08:04;12114;GOOD;21103,49;GOOD;3673;GOOD;6967;GOOD;27188;GOOD;5069;GOOD
08/08/2024 09:13;12114;GOOD;21103,49;GOOD;3673;GOOD;6967;GOOD;27195;GOOD;5069;GOOD
09/08/2024 01:20;12114;GOOD;21103,49;GOOD;3673;GOOD;6968;GOOD;27195;GOOD;5069;GOOD
09/08/2024 01:25;12114;GOOD;21103,49;GOOD;3678;GOOD;6968;GOOD;27195;GOOD;5069;GOOD
15/08/2024 08:25;12120;GOOD;21103,49;GOOD;3678;GOOD;6968;GOOD;27195;GOOD;5069;GOOD
15/08/2024 10:34;12120;GOOD;21103,49;GOOD;3678;GOOD;6968;GOOD;27206;GOOD;5069;GOOD
15/08/2024 22:30;12120;GOOD;21103,49;GOOD;3683;GOOD;6968;GOOD;27206;GOOD;5069;GOOD
15/08/2024 22:40;12120;GOOD;21103,49;GOOD;3683;GOOD;6969;GOOD;27206;GOOD;5069;GOOD
15/08/2024 23:25;12120;GOOD;21113,77;GOOD;3683;GOOD;6969;GOOD;27206;GOOD;5069;GOOD
22/08/2024 07:50;12126,25;GOOD;21113,77;GOOD;3683;GOOD;6969;GOOD;27206;GOOD;5069;GOOD
22/08/2024 10:16;12126,25;GOOD;21113,77;GOOD;3683;GOOD;6969;GOOD;27211;GOOD;5069;GOOD
22/08/2024 23:08;12126,25;GOOD;21119,43;GOOD;3683;GOOD;6969;GOOD;27211;GOOD;5069;GOOD
29/08/2024 09:36;12126,25;GOOD;21119,43;GOOD;3683;GOOD;6969;GOOD;27216;GOOD;5069;GOOD
29/08/2024 10:16;12132;GOOD;21119,43;GOOD;3683;GOOD;6969;GOOD;27216;GOOD;5069;GOOD
29/08/2024 22:19;12132;GOOD;21125,83;GOOD;3683;GOOD;6969;GOOD;27216;GOOD;5069;GOOD
29/08/2024 23:30;12132;GOOD;21125,83;GOOD;3683;GOOD;6969;GOOD;27216;GOOD;5071;GOOD
30/08/2024 01:34;12132;GOOD;21125,83;GOOD;3683;GOOD;6971;GOOD;27216;GOOD;5071;GOOD
30/08/2024 01:38;12132;GOOD;21125,83;GOOD;3690;GOOD;6971;GOOD;27216;GOOD;5071;GOOD
05/09/2024 07:43;12132;GOOD;21125,83;GOOD;3690;GOOD;6971;GOOD;27221;GOOD;5071;GOOD
06/09/2024 01:03;12132;GOOD;21125,83;GOOD;3690;GOOD;6971;GOOD;27221;GOOD;5072;GOOD
06/09/2024 01:49;12132;GOOD;21132,07;GOOD;3690;GOOD;6971;GOOD;27221;GOOD;5072;GOOD
06/09/2024 02:43;12132;GOOD;21132,07;GOOD;3693;GOOD;6971;GOOD;27221;GOOD;5072;GOOD
12/09/2024 09:12;12132;GOOD;21132,07;GOOD;3693;GOOD;6971;GOOD;27230;GOOD;5072;GOOD
12/09/2024 10:34;12137;GOOD;21132,07;GOOD;3693;GOOD;6971;GOOD;27230;GOOD;5072;GOOD
12/09/2024 21:03;12137;GOOD;21132,07;GOOD;3693;GOOD;6971;GOOD;27230;GOOD;5073;GOOD
12/09/2024 23:21;12137;GOOD;21138,32;GOOD;3693;GOOD;6971;GOOD;27230;GOOD;5073;GOOD
13/09/2024 01:14;12137;GOOD;21138,32;GOOD;3693;GOOD;6973;GOOD;27230;GOOD;5073;GOOD
13/09/2024 01:17;12137;GOOD;21138,32;GOOD;3702;GOOD;6973;GOOD;27230;GOOD;5073;GOOD
19/09/2024 07:05;12166,35;GOOD;21138,32;GOOD;3702;GOOD;6973;GOOD;27230;GOOD;5073;GOOD
19/09/2024 10:50;12166,35;GOOD;21138,32;GOOD;3702;GOOD;6973;GOOD;27237;GOOD;5073;GOOD
19/09/2024 22:48;12166,35;GOOD;21138,32;GOOD;3702;GOOD;6973;GOOD;27237;GOOD;5078;GOOD
19/09/2024 23:42;12166,35;GOOD;21145;GOOD;3702;GOOD;6973;GOOD;27237;GOOD;5078;GOOD
20/09/2024 00:36;12166,35;GOOD;21145;GOOD;3703;GOOD;6973;GOOD;27237;GOOD;5078;GOOD
26/09/2024 08:12;12166,35;GOOD;21145;GOOD;3703;GOOD;6973;GOOD;27241;GOOD;5078;GOOD
26/09/2024 08:15;12191,69;GOOD;21145;GOOD;3703;GOOD;6973;GOOD;27241;GOOD;5078;GOOD
26/09/2024 22:59;12191,69;GOOD;21150;GOOD;3703;GOOD;6973;GOOD;27241;GOOD;5078;GOOD
27/09/2024 00:28;12191,69;GOOD;21150;GOOD;3703;GOOD;6974;GOOD;27241;GOOD;5078;GOOD
27/09/2024 00:30;12191,69;GOOD;21150;GOOD;3707;GOOD;6974;GOOD;27241;GOOD;5078;GOOD
27/09/2024 05:08;12191,69;GOOD;21150;GOOD;3707;GOOD;6974;GOOD;27241;GOOD;5086,213;GOOD
03/10/2024 09:44;12219,14;GOOD;21150;GOOD;3707;GOOD;6974;GOOD;27241;GOOD;5086,213;GOOD
03/10/2024 10:37;12219,14;GOOD;21150;GOOD;3707;GOOD;6974;GOOD;27245;GOOD;5086,213;GOOD
04/10/2024 00:05;12219,14;GOOD;21150;GOOD;3709;GOOD;6974;GOOD;27245;GOOD;5086,213;GOOD
10/10/2024 10:14;12219,14;GOOD;21150;GOOD;3709;GOOD;6974;GOOD;27252;GOOD;5086,213;GOOD
10/10/2024 11:40;12234,45;GOOD;21150;GOOD;3709;GOOD;6974;GOOD;27252;GOOD;5086,213;GOOD
10/10/2024 22:33;12234,45;GOOD;21163;GOOD;3709;GOOD;6974;GOOD;27252;GOOD;5086,213;GOOD
11/10/2024 00:35;12234,45;GOOD;21163;GOOD;3709;GOOD;6977;GOOD;27252;GOOD;5086,213;GOOD
11/10/2024 00:39;12234,45;GOOD;21163;GOOD;3714;GOOD;6977;GOOD;27252;GOOD;5086,213;GOOD
17/10/2024 09:23;12234,45;GOOD;21163;GOOD;3714;GOOD;6977;GOOD;27258;GOOD;5086,213;GOOD
17/10/2024 09:41;12260,25;GOOD;21163;GOOD;3714;GOOD;6977;GOOD;27258;GOOD;5086,213;GOOD
17/10/2024 22:51;12260,25;GOOD;21170;GOOD;3714;GOOD;6977;GOOD;27258;GOOD;5086,213;GOOD
18/10/2024 00:20;12260,25;GOOD;21170;GOOD;3719;GOOD;6977;GOOD;27258;GOOD;5086,213;GOOD
18/10/2024 00:59;12260,25;GOOD;21170;GOOD;3719;GOOD;6977;GOOD;27258;GOOD;5090;GOOD
24/10/2024 08:29;12260,25;GOOD;21170;GOOD;3719;GOOD;6977;GOOD;27273;GOOD;5090;GOOD
24/10/2024 22:56;12260,25;GOOD;21177;GOOD;3719;GOOD;6977;GOOD;27273;GOOD;5090;GOOD
24/10/2024 23:22;12260,25;GOOD;21177;GOOD;3724;GOOD;6977;GOOD;27273;GOOD;5090;GOOD
25/10/2024 01:12;12260,25;GOOD;21177;GOOD;3724;GOOD;6981;GOOD;27273;GOOD;5090;GOOD
31/10/2024 10:16;12326,6;GOOD;21177;GOOD;3724;GOOD;6981;GOOD;27273;GOOD;5090;GOOD
31/10/2024 21:01;12326,6;GOOD;21177;GOOD;3724;GOOD;6981;GOOD;27273;GOOD;5134;GOOD
01/11/2024 01:01;12326,6;GOOD;21177;GOOD;3724;GOOD;6983;GOOD;27273;GOOD;5134;GOOD
01/11/2024 01:04;12326,6;GOOD;21177;GOOD;3726;GOOD;6983;GOOD;27273;GOOD;5134;GOOD
07/11/2024 06:06;12344,28;GOOD;21177;GOOD;3726;GOOD;6983;GOOD;27273;GOOD;5134;GOOD
07/11/2024 08:11;12344,28;GOOD;21177;GOOD;3726;GOOD;6983;GOOD;27297;GOOD;5134;GOOD
07/11/2024 22:10;12344,28;GOOD;21177;GOOD;3726;GOOD;6983;GOOD;27297;GOOD;5138;GOOD
07/11/2024 23:12;12344,28;GOOD;21190;GOOD;3726;GOOD;6983;GOOD;27297;GOOD;5138;GOOD
08/11/2024 00:55;12344,28;GOOD;21190;GOOD;3726;GOOD;6984,623;GOOD;27297;GOOD;5138;GOOD
08/11/2024 00:57;12344,28;GOOD;21190;GOOD;3729,98;GOOD;6984,623;GOOD;27297;GOOD;5138;GOOD
14/11/2024 08:58;12355,31;GOOD;21190;GOOD;3729,98;GOOD;6984,623;GOOD;27297;GOOD;5138;GOOD
14/11/2024 22:36;12355,31;GOOD;21198;GOOD;3729,98;GOOD;6984,623;GOOD;27297;GOOD;5138;GOOD
14/11/2024 23:07;12355,31;GOOD;21198;GOOD;3734;GOOD;6984,623;GOOD;27297;GOOD;5138;GOOD
14/11/2024 23:09;12355,31;GOOD;21198;GOOD;3734;GOOD;6985;GOOD;27297;GOOD;5138;GOOD
14/11/2024 23:12;12355,31;GOOD;21198;GOOD;3734;GOOD;6985;GOOD;27297;GOOD;5140;GOOD
21/11/2024 08:23;12355,31;GOOD;21198;GOOD;3734;GOOD;6985;GOOD;27310;GOOD;5140;GOOD
21/11/2024 10:15;12363,07;GOOD;21198;GOOD;3734;GOOD;6985;GOOD;27310;GOOD;5140;GOOD
21/11/2024 22:55;12363,07;GOOD;21198;GOOD;3734;GOOD;6985;GOOD;27310;GOOD;5142;GOOD
21/11/2024 23:31;12363,07;GOOD;21206;GOOD;3734;GOOD;6985;GOOD;27310;GOOD;5142;GOOD
21/11/2024 23:31;12363,07;GOOD;21206;GOOD;3738;GOOD;6985;GOOD;27310;GOOD;5142;GOOD
21/11/2024 23:47;12363,07;GOOD;21206;GOOD;3738;GOOD;6986;GOOD;27310;GOOD;5142;GOOD
28/11/2024 09:00;12363,07;GOOD;21206;GOOD;3738;GOOD;6986;GOOD;27317;GOOD;5142;GOOD
28/11/2024 23:52;12363,07;GOOD;21215;GOOD;3738;GOOD;6986;GOOD;27317;GOOD;5142;GOOD
29/11/2024 01:23;12363,07;GOOD;21215;GOOD;3738;GOOD;6986;GOOD;27317;GOOD;5144;GOOD
29/11/2024 01:50;12363,07;GOOD;21215;GOOD;3738;GOOD;6987,829;GOOD;27317;GOOD;5144;GOOD
29/11/2024 01:53;12363,07;GOOD;21215;GOOD;3741;GOOD;6987,829;GOOD;27317;GOOD;5144;GOOD
05/12/2024 08:25;12363,07;GOOD;21215;GOOD;3741;GOOD;6987,829;GOOD;27323;GOOD;5144;GOOD
05/12/2024 10:15;12373,41;GOOD;21215;GOOD;3741;GOOD;6987,829;GOOD;27323;GOOD;5144;GOOD
05/12/2024 23:18;12373,41;GOOD;21223;GOOD;3741;GOOD;6987,829;GOOD;27323;GOOD;5144;GOOD
05/12/2024 23:19;12373,41;GOOD;21223;GOOD;3741;GOOD;6989;GOOD;27323;GOOD;5144;GOOD
05/12/2024 23:19;12373,41;GOOD;21223;GOOD;3744;GOOD;6989;GOOD;27323;GOOD;5144;GOOD
06/12/2024 00:20;12373,41;GOOD;21223;GOOD;3744;GOOD;6989;GOOD;27323;GOOD;5145;GOOD
12/12/2024 09:23;12377,59;GOOD;21223;GOOD;3744;GOOD;6989;GOOD;27323;GOOD;5145;GOOD
12/12/2024 23:43;12377,59;GOOD;21231;GOOD;3744;GOOD;6989;GOOD;27323;GOOD;5145;GOOD
13/12/2024 00:04;12377,59;GOOD;21231;GOOD;3744;GOOD;6989;GOOD;27323;GOOD;5147;GOOD
19/12/2024 08:38;12381,4;GOOD;21231;GOOD;3744;GOOD;6989;GOOD;27323;GOOD;5147;GOOD
19/12/2024 09:15;12381,4;GOOD;21231;GOOD;3744;GOOD;6989;GOOD;27332;GOOD;5147;GOOD
19/12/2024 22:48;12381,4;GOOD;21231;GOOD;3748;GOOD;6989;GOOD;27332;GOOD;5147;GOOD
19/12/2024 23:06;12381,4;GOOD;21231;GOOD;3748;GOOD;6994;GOOD;27332;GOOD;5147;GOOD
20/12/2024 00:19;12381,4;GOOD;21231;GOOD;3748;GOOD;6994;GOOD;27332;GOOD;5148;GOOD
20/12/2024 03:52;12381,4;GOOD;21239;GOOD;3748;GOOD;6994;GOOD;27332;GOOD;5148;GOOD
26/12/2024 06:05;12384,7;GOOD;21239;GOOD;3748;GOOD;6994;GOOD;27332;GOOD;5148;GOOD
26/12/2024 08:31;12384,7;GOOD;21239;GOOD;3748;GOOD;6994;GOOD;27335;GOOD;5148;GOOD
26/12/2024 23:55;12384,7;GOOD;21239;GOOD;3748;GOOD;6994;GOOD;27335;GOOD;5149;GOOD
27/12/2024 00:47;12384,7;GOOD;21244,57;GOOD;3748;GOOD;6994;GOOD;27335;GOOD;5149;GOOD
02/01/2025 07:48;12387,2;GOOD;21244,57;GOOD;3748;GOOD;6994;GOOD;27335;GOOD;5149;GOOD
02/01/2025 08:38;12387,2;GOOD;21244,57;GOOD;3748;GOOD;6994;GOOD;27337;GOOD;5149;GOOD
02/01/2025 22:54;12387,2;GOOD;21248;GOOD;3748;GOOD;6994;GOOD;27337;GOOD;5149;GOOD
02/01/2025 23:02;12387,2;GOOD;21248;GOOD;3748;GOOD;6994;GOOD;27337;GOOD;5150;GOOD
03/01/2025 01:13;12387,2;GOOD;21248;GOOD;3748;GOOD;6995;GOOD;27337;GOOD;5150;GOOD
09/01/2025 08:58;12391,5;GOOD;21248;GOOD;3748;GOOD;6995;GOOD;27337;GOOD;5150;GOOD
09/01/2025 23:21;12391,5;GOOD;21254;GOOD;3748;GOOD;6995;GOOD;27337;GOOD;5150;GOOD
10/01/2025 00:23;12391,5;GOOD;21254;GOOD;3748;GOOD;6995;GOOD;27337;GOOD;5151;GOOD
10/01/2025 01:53;12391,5;GOOD;21254;GOOD;3748;GOOD;6996;GOOD;27337;GOOD;5151;GOOD
10/01/2025 01:53;12391,5;GOOD;21254;GOOD;3750;GOOD;6996;GOOD;27337;GOOD;5151;GOOD
16/01/2025 06:25;12391,5;GOOD;21254;GOOD;3750;GOOD;6996;GOOD;27347;GOOD;5151;GOOD
16/01/2025 08:52;12393,4;GOOD;21254;GOOD;3750;GOOD;6996;GOOD;27347;GOOD;5151;GOOD
17/01/2025 01:05;12393,4;GOOD;21261;GOOD;3750;GOOD;6996;GOOD;27347;GOOD;5151;GOOD
23/01/2025 08:13;12399,7;GOOD;21261;GOOD;3750;GOOD;6996;GOOD;27347;GOOD;5151;GOOD
23/01/2025 10:47;12399,7;GOOD;21261;GOOD;3750;GOOD;6996;GOOD;27352;GOOD;5151;GOOD
24/01/2025 00:59;12399,7;GOOD;21261;GOOD;3750;GOOD;6996;GOOD;27352;GOOD;5153;GOOD
24/01/2025 01:31;12399,7;GOOD;21261;GOOD;3750;GOOD;6997;GOOD;27352;GOOD;5153;GOOD
24/01/2025 02:06;12399,7;GOOD;21268;GOOD;3750;GOOD;6997;GOOD;27352;GOOD;5153;GOOD
30/01/2025 07:43;12402,1;GOOD;21268;GOOD;3750;GOOD;6997;GOOD;27352;GOOD;5153;GOOD
30/01/2025 08:47;12402,1;GOOD;21268;GOOD;3750;GOOD;6997;GOOD;27356;GOOD;5153;GOOD
30/01/2025 23:57;12402,1;GOOD;21274;GOOD;3750;GOOD;6997;GOOD;27356;GOOD;5153;GOOD
31/01/2025 01:28;12402,1;GOOD;21274;GOOD;3750;GOOD;7001;GOOD;27356;GOOD;5153;GOOD
31/01/2025 01:30;12402,1;GOOD;21274;GOOD;3757;GOOD;7001;GOOD;27356;GOOD;5153;GOOD
31/01/2025 02:14;12402,1;GOOD;21274;GOOD;3757;GOOD;7001;GOOD;27356;GOOD;5154;GOOD
06/02/2025 08:24;12409,14;GOOD;21274;GOOD;3757;GOOD;7001;GOOD;27356;GOOD;5154;GOOD
06/02/2025 11:01;12409,14;GOOD;21274;GOOD;3757;GOOD;7001;GOOD;27369;GOOD;5154;GOOD
06/02/2025 23:59;12409,14;GOOD;21281;GOOD;3757;GOOD;7001;GOOD;27369;GOOD;5154;GOOD
13/02/2025 08:38;12413,9;GOOD;21281;GOOD;3757;GOOD;7001;GOOD;27369;GOOD;5154;GOOD
13/02/2025 08:41;12413,9;GOOD;21281;GOOD;3757;GOOD;7001;GOOD;27377;GOOD;5154;GOOD
13/02/2025 23:27;12413,9;GOOD;21288;GOOD;3757;GOOD;7001;GOOD;27377;GOOD;5154;GOOD
13/02/2025 23:35;12413,9;GOOD;21288;GOOD;3757;GOOD;7001;GOOD;27377;GOOD;5158;GOOD
20/02/2025 07:50;12417,88;GOOD;21288;GOOD;3757;GOOD;7001;GOOD;27377;GOOD;5158;GOOD
20/02/2025 11:22;12417,88;GOOD;21288;GOOD;3757;GOOD;7001;GOOD;27384;GOOD;5158;GOOD
20/02/2025 23:15;12417,88;GOOD;21295;GOOD;3757;GOOD;7001;GOOD;27384;GOOD;5158;GOOD
27/02/2025 10:28;12422,07;GOOD;21295;GOOD;3757;GOOD;7001;GOOD;27384;GOOD;5158;GOOD
28/02/2025 00:41;12422,07;GOOD;21303;GOOD;3757;GOOD;7001;GOOD;27384;GOOD;5158;GOOD
06/03/2025 09:14;12426;GOOD;21303;GOOD;3757;GOOD;7001;GOOD;27384;GOOD;5158;GOOD
06/03/2025 10:09;12426;GOOD;21303;GOOD;3757;GOOD;7001;GOOD;27405;GOOD;5158;GOOD
07/03/2025 00:27;12426;GOOD;21309;GOOD;3757;GOOD;7001;GOOD;27405;GOOD;5158;GOOD
07/03/2025 02:10;12426;GOOD;21309;GOOD;3757;GOOD;7005;GOOD;27405;GOOD;5158;GOOD
07/03/2025 02:12;12426;GOOD;21309;GOOD;3768;GOOD;7005;GOOD;27405;GOOD;5158;GOOD
13/03/2025 07:44;12426;GOOD;21309;GOOD;3768;GOOD;7005;GOOD;27409;GOOD;5158;GOOD
13/03/2025 08:01;12430;GOOD;21309;GOOD;3768;GOOD;7005;GOOD;27409;GOOD;5158;GOOD
13/03/2025 23:31;12430;GOOD;21317;GOOD;3768;GOOD;7005;GOOD;27409;GOOD;5158;GOOD
20/03/2025 08:40;12430;GOOD;21317;GOOD;3768;GOOD;7005;GOOD;27425;GOOD;5158;GOOD
20/03/2025 10:04;12435;GOOD;21317;GOOD;3768;GOOD;7005;GOOD;27425;GOOD;5158;GOOD
20/03/2025 23:03;12435;GOOD;21324;GOOD;3768;GOOD;7005;GOOD;27425;GOOD;5158;GOOD
21/03/2025 01:15;12435;GOOD;21324;GOOD;3768;GOOD;7009;GOOD;27425;GOOD;5158;GOOD
21/03/2025 01:22;12435;GOOD;21324;GOOD;3771;GOOD;7009;GOOD;27425;GOOD;5158;GOOD
27/03/2025 08:49;12435;GOOD;21324;GOOD;3771;GOOD;7009;GOOD;27436;GOOD;5158;GOOD
27/03/2025 09:17;12439;GOOD;21324;GOOD;3771;GOOD;7009;GOOD;27436;GOOD;5158;GOOD
27/03/2025 22:53;12439;GOOD;21324;GOOD;3772;GOOD;7009;GOOD;27436;GOOD;5158;GOOD
27/03/2025 22:57;12439;GOOD;21332;GOOD;3772;GOOD;7009;GOOD;27436;GOOD;5158;GOOD
27/03/2025 23:23;12439;GOOD;21332;GOOD;3772;GOOD;7009;GOOD;27436;GOOD;5167;GOOD
03/04/2025 06:11;12443;GOOD;21332;GOOD;3772;GOOD;7009;GOOD;27436;GOOD;5167;GOOD
03/04/2025 11:22;12443;GOOD;21332;GOOD;3772;GOOD;7009;GOOD;27495;GOOD;5167;GOOD
04/04/2025 01:52;12443;GOOD;21332;GOOD;3772;GOOD;7009;GOOD;27495;GOOD;5169;GOOD
04/04/2025 02:26;12443;GOOD;21339;GOOD;3772;GOOD;7009;GOOD;27495;GOOD;5169;GOOD
04/04/2025 03:22;12443;GOOD;21339;GOOD;3772;GOOD;7011;GOOD;27495;GOOD;5169;GOOD
04/04/2025 03:25;12443;GOOD;21339;GOOD;3773;GOOD;7011;GOOD;27495;GOOD;5169;GOOD
10/04/2025 07:36;12448;GOOD;21339;GOOD;3773;GOOD;7011;GOOD;27495;GOOD;5169;GOOD
10/04/2025 07:41;12448;GOOD;21339;GOOD;3773;GOOD;7011;GOOD;27574;GOOD;5169;GOOD
10/04/2025 23:04;12448;GOOD;21347;GOOD;3773;GOOD;7011;GOOD;27574;GOOD;5169;GOOD
11/04/2025 00:29;12448;GOOD;21347;GOOD;3773;GOOD;7011;GOOD;27574;GOOD;5171;GOOD
11/04/2025 01:05;12448;GOOD;21347;GOOD;3773;GOOD;7013;GOOD;27574;GOOD;5171;GOOD
11/04/2025 01:07;12448;GOOD;21347;GOOD;3779;GOOD;7013;GOOD;27574;GOOD;5171;GOOD
17/04/2025 07:57;12448;GOOD;21347;GOOD;3779;GOOD;7013;GOOD;27684;GOOD;5171;GOOD
17/04/2025 09:42;12452;GOOD;21347;GOOD;3779;GOOD;7013;GOOD;27684;GOOD;5171;GOOD
17/04/2025 23:39;12452;GOOD;21347;GOOD;3779;GOOD;7013;GOOD;27684;GOOD;5172;GOOD
18/04/2025 00:21;12452;GOOD;21356;GOOD;3779;GOOD;7013;GOOD;27684;GOOD;5172;GOOD
18/04/2025 01:43;12452;GOOD;21356;GOOD;3779;GOOD;7014,718;GOOD;27684;GOOD;5172;GOOD
18/04/2025 01:54;12452;GOOD;21356;GOOD;3781,41;GOOD;7014,718;GOOD;27684;GOOD;5172;GOOD
24/04/2025 08:59;12452;GOOD;21356;GOOD;3781,41;GOOD;7014,718;GOOD;27705;GOOD;5172;GOOD
24/04/2025 09:12;12456;GOOD;21356;GOOD;3781,41;GOOD;7014,718;GOOD;27705;GOOD;5172;GOOD
24/04/2025 23:37;12456;GOOD;21376;GOOD;3781,41;GOOD;7014,718;GOOD;27705;GOOD;5172;GOOD
25/04/2025 00:12;12456;GOOD;21376;GOOD;3781,41;GOOD;7014,718;GOOD;27705;GOOD;5173;GOOD
25/04/2025 04:43;12456;GOOD;21376;GOOD;3781,41;GOOD;7016,445;GOOD;27705;GOOD;5173;GOOD
25/04/2025 04:46;12456;GOOD;21376;GOOD;3783,5;GOOD;7016,445;GOOD;27705;GOOD;5173;GOOD
01/05/2025 10:21;12456;GOOD;21376;GOOD;3783,5;GOOD;7016,445;GOOD;27737;GOOD;5173;GOOD
01/05/2025 11:07;12460;GOOD;21376;GOOD;3783,5;GOOD;7016,445;GOOD;27737;GOOD;5173;GOOD
01/05/2025 22:57;12460;GOOD;21376;GOOD;3783,5;GOOD;7016,445;GOOD;27737;GOOD;5174;GOOD
02/05/2025 01:19;12460;GOOD;21398;GOOD;3783,5;GOOD;7016,445;GOOD;27737;GOOD;5174;GOOD
08/05/2025 07:43;12460;GOOD;21398;GOOD;3783,5;GOOD;7016,445;GOOD;27758;GOOD;5174;GOOD
08/05/2025 09:54;12464;GOOD;21398;GOOD;3783,5;GOOD;7016,445;GOOD;27758;GOOD;5174;GOOD
09/05/2025 00:08;12464;GOOD;21412;GOOD;3783,5;GOOD;7016,445;GOOD;27758;GOOD;5174;GOOD
09/05/2025 02:53;12464;GOOD;21412;GOOD;3783,5;GOOD;7017,823;GOOD;27758;GOOD;5174;GOOD
09/05/2025 02:53;12464;GOOD;21412;GOOD;3787,5;GOOD;7017,823;GOOD;27758;GOOD;5174;GOOD
15/05/2025 08:21;12464;GOOD;21412;GOOD;3787,5;GOOD;7017,823;GOOD;27767;GOOD;5174;GOOD
15/05/2025 09:25;12467;GOOD;21412;GOOD;3787,5;GOOD;7017,823;GOOD;27767;GOOD;5174;GOOD
15/05/2025 22:24;12467;GOOD;21435,78;GOOD;3787,5;GOOD;7017,823;GOOD;27767;GOOD;5174;GOOD
16/05/2025 01:09;12467;GOOD;21435,78;GOOD;3790,11;GOOD;7017,823;GOOD;27767;GOOD;5174;GOOD
16/05/2025 02:34;12467;GOOD;21435,78;GOOD;3790,11;GOOD;7019,912;GOOD;27767;GOOD;5174;GOOD
22/05/2025 06:02;12472;GOOD;21435,78;GOOD;3790,11;GOOD;7019,912;GOOD;27767;GOOD;5174;GOOD
22/05/2025 08:27;12472;GOOD;21435,78;GOOD;3790,11;GOOD;7019,912;GOOD;27778;GOOD;5174;GOOD
22/05/2025 22:39;12472;GOOD;21435,78;GOOD;3790,11;GOOD;7019,912;GOOD;27778;GOOD;5177;GOOD
22/05/2025 23:37;12472;GOOD;21450,64;GOOD;3790,11;GOOD;7019,912;GOOD;27778;GOOD;5177;GOOD
29/05/2025 06:11;12472;GOOD;21450,64;GOOD;3790,11;GOOD;7019,912;GOOD;27785;GOOD;5177;GOOD
29/05/2025 07:53;12475;GOOD;21450,64;GOOD;3790,11;GOOD;7019,912;GOOD;27785;GOOD;5177;GOOD
29/05/2025 23:47;12475;GOOD;21465,98;GOOD;3790,11;GOOD;7019,912;GOOD;27785;GOOD;5177;GOOD
30/05/2025 03:14;12475;GOOD;21465,98;GOOD;3790,11;GOOD;7025;GOOD;27785;GOOD;5177;GOOD
30/05/2025 03:17;12475;GOOD;21465,98;GOOD;3795,9;GOOD;7025;GOOD;27785;GOOD;5177;GOOD
05/06/2025 08:34;12475;GOOD;21465,98;GOOD;3795,9;GOOD;7025;GOOD;27793;GOOD;5177;GOOD
05/06/2025 09:12;12479;GOOD;21465,98;GOOD;3795,9;GOOD;7025;GOOD;27793;GOOD;5177;GOOD
05/06/2025 22:33;12479;GOOD;21465,98;GOOD;3795,9;GOOD;7030;GOOD;27793;GOOD;5177;GOOD
05/06/2025 22:36;12479;GOOD;21465,98;GOOD;3797;GOOD;7030;GOOD;27793;GOOD;5177;GOOD
05/06/2025 23:09;12479;GOOD;21482;GOOD;3797;GOOD;7030;GOOD;27793;GOOD;5177;GOOD
12/06/2025 10:27;12483;GOOD;21482;GOOD;3797;GOOD;7030;GOOD;27793;GOOD;5177;GOOD
12/06/2025 23:04;12483;GOOD;21482;GOOD;3797;GOOD;7032;GOOD;27793;GOOD;5177;GOOD
12/06/2025 23:07;12483;GOOD;21482;GOOD;3799;GOOD;7032;GOOD;27793;GOOD;5177;GOOD
13/06/2025 00:56;12483;GOOD;21496;GOOD;3799;GOOD;7032;GOOD;27793;GOOD;5177;GOOD
19/06/2025 07:26;12485;GOOD;21496;GOOD;3799;GOOD;7032;GOOD;27793;GOOD;5177;GOOD
19/06/2025 09:34;12485;GOOD;21496;GOOD;3799;GOOD;7032;GOOD;27806;GOOD;5177;GOOD
19/06/2025 22:46;12485;GOOD;21507;GOOD;3799;GOOD;7032;GOOD;27806;GOOD;5177;GOOD
19/06/2025 23:47;12485;GOOD;21507;GOOD;3799;GOOD;7035;GOOD;27806;GOOD;5177;GOOD
19/06/2025 23:47;12485;GOOD;21507;GOOD;3803;GOOD;7035;GOOD;27806;GOOD;5177;GOOD
26/06/2025 07:33;12485;GOOD;21507;GOOD;3803;GOOD;7035;GOOD;27812;GOOD;5177;GOOD
26/06/2025 11:17;12490;GOOD;21507;GOOD;3803;GOOD;7035;GOOD;27812;GOOD;5177;GOOD
26/06/2025 22:01;12490;GOOD;21515;GOOD;3803;GOOD;7035;GOOD;27812;GOOD;5177;GOOD
26/06/2025 23:41;12490;GOOD;21515;GOOD;3803;GOOD;7039;GOOD;27812;GOOD;5177;GOOD
26/06/2025 23:43;12490;GOOD;21515;GOOD;3823;GOOD;7039;GOOD;27812;GOOD;5177;GOOD
27/06/2025 00:12;12490;GOOD;21515;GOOD;3823;GOOD;7039;GOOD;27812;GOOD;5183,29;GOOD
27/06/2025 08:57;12490;GOOD;21515;GOOD;3823,7;GOOD;7039;GOOD;27812;GOOD;5183,29;GOOD
27/06/2025 09:00;12490;GOOD;21515;GOOD;3823,7;GOOD;7039,331;GOOD;27812;GOOD;5183,29;GOOD
03/07/2025 08:19;12490;GOOD;21515;GOOD;3823,7;GOOD;7039,331;GOOD;27820;GOOD;5183,29;GOOD
03/07/2025 08:50;12494;GOOD;21515;GOOD;3823,7;GOOD;7039,331;GOOD;27820;GOOD;5183,29;GOOD
03/07/2025 21:06;12494;GOOD;21515;GOOD;3823,7;GOOD;7039,331;GOOD;27820;GOOD;5183,91;GOOD
03/07/2025 22:52;12494;GOOD;21522;GOOD;3823,7;GOOD;7039,331;GOOD;27820;GOOD;5183,91;GOOD
04/07/2025 02:23;12494;GOOD;21522;GOOD;3823,7;GOOD;7041,37;GOOD;27820;GOOD;5183,91;GOOD
04/07/2025 02:28;12494;GOOD;21522;GOOD;3833,7;GOOD;7041,37;GOOD;27820;GOOD;5183,91;GOOD
10/07/2025 06:03;12498;GOOD;21522;GOOD;3833,7;GOOD;7041,37;GOOD;27820;GOOD;5183,91;GOOD
10/07/2025 07:49;12498;GOOD;21522;GOOD;3833,7;GOOD;7041,37;GOOD;27831;GOOD;5183,91;GOOD
10/07/2025 23:57;12498;GOOD;21522;GOOD;3833,7;GOOD;7041,37;GOOD;27831;GOOD;5185,55;GOOD
11/07/2025 01:20;12498;GOOD;21529;GOOD;3833,7;GOOD;7041,37;GOOD;27831;GOOD;5185,55;GOOD
11/07/2025 03:10;12498;GOOD;21529;GOOD;3833,7;GOOD;7042,88;GOOD;27831;GOOD;5185,55;GOOD
11/07/2025 03:17;12498;GOOD;21529;GOOD;3835,5;GOOD;7042,88;GOOD;27831;GOOD;5185,55;GOOD
17/07/2025 07:24;12502;GOOD;21529;GOOD;3835,5;GOOD;7042,88;GOOD;27831;GOOD;5185,55;GOOD
17/07/2025 21:29;12502;GOOD;21529;GOOD;3835,5;GOOD;7043,82;GOOD;27831;GOOD;5185,55;GOOD
17/07/2025 21:31;12502;GOOD;21529;GOOD;3840,7;GOOD;7043,82;GOOD;27831;GOOD;5185,55;GOOD
18/07/2025 01:03;12502;GOOD;21529;GOOD;3840,7;GOOD;7043,82;GOOD;27831;GOOD;5186,13;GOOD
18/07/2025 01:12;12502;GOOD;21535;GOOD;3840,7;GOOD;7043,82;GOOD;27831;GOOD;5186,13;GOOD
24/07/2025 08:26;12502;GOOD;21535;GOOD;3840,7;GOOD;7043,82;GOOD;27849;GOOD;5186,13;GOOD
24/07/2025 10:45;12506;GOOD;21535;GOOD;3840,7;GOOD;7043,82;GOOD;27849;GOOD;5186,13;GOOD
25/07/2025 01:22;12506;GOOD;21541;GOOD;3840,7;GOOD;7043,82;GOOD;27849;GOOD;5186,13;GOOD
25/07/2025 02:20;12506;GOOD;21541;GOOD;3840,7;GOOD;7048,17;GOOD;27849;GOOD;5186,13;GOOD
25/07/2025 02:27;12506;GOOD;21541;GOOD;3842,1;GOOD;7048,17;GOOD;27849;GOOD;5186,13;GOOD
31/07/2025 07:58;12509;GOOD;21541;GOOD;3842,1;GOOD;7048,17;GOOD;27849;GOOD;5186,13;GOOD
31/07/2025 10:00;12509;GOOD;21541;GOOD;3842,1;GOOD;7048,17;GOOD;27865;GOOD;5186,13;GOOD
31/07/2025 23:11;12509;GOOD;21548;GOOD;3842,1;GOOD;7048,17;GOOD;27865;GOOD;5186,13;GOOD
01/08/2025 04:13;12509;GOOD;21548;GOOD;3842,1;GOOD;7049,06;GOOD;27865;GOOD;5186,13;GOOD
01/08/2025 04:16;12509;GOOD;21548;GOOD;3844;GOOD;7049,06;GOOD;27865;GOOD;5186,13;GOOD
07/08/2025 08:14;12509;GOOD;21548;GOOD;3844;GOOD;7049,06;GOOD;27874;GOOD;5186,13;GOOD
07/08/2025 09:28;12513;GOOD;21548;GOOD;3844;GOOD;7049,06;GOOD;27874;GOOD;5186,13;GOOD
07/08/2025 22:29;12513;GOOD;21548;GOOD;3846;GOOD;7049,06;GOOD;27874;GOOD;5186,13;GOOD
07/08/2025 22:34;12513;GOOD;21555;GOOD;3846;GOOD;7049,06;GOOD;27874;GOOD;5186,13;GOOD
07/08/2025 22:59;12513;GOOD;21555;GOOD;3846;GOOD;7052;GOOD;27874;GOOD;5186,13;GOOD
08/08/2025 00:00;12513;GOOD;21555;GOOD;3846;GOOD;7052;GOOD;27874;GOOD;5188;GOOD
14/08/2025 06:09;12517;GOOD;21555;GOOD;3846;GOOD;7052;GOOD;27874;GOOD;5188;GOOD
14/08/2025 08:27;12517;GOOD;21555;GOOD;3846;GOOD;7052;GOOD;27882;GOOD;5188;GOOD
14/08/2025 23:29;12517;GOOD;21561;GOOD;3846;GOOD;7052;GOOD;27882;GOOD;5188;GOOD
14/08/2025 23:36;12517;GOOD;21561;GOOD;3846;GOOD;7058;GOOD;27882;GOOD;5188;GOOD
14/08/2025 23:41;12517;GOOD;21561;GOOD;3848;GOOD;7058;GOOD;27882;GOOD;5188;GOOD
15/08/2025 00:38;12517;GOOD;21561;GOOD;3848;GOOD;7058;GOOD;27882;GOOD;5189;GOOD
21/08/2025 08:08;12520;GOOD;21561;GOOD;3848;GOOD;7058;GOOD;27882;GOOD;5189;GOOD
21/08/2025 08:40;12520;GOOD;21561;GOOD;3848;GOOD;7058;GOOD;27886;GOOD;5189;GOOD
21/08/2025 22:18;12520;GOOD;21561;GOOD;3848;GOOD;7058;GOOD;27886;GOOD;5190;GOOD
21/08/2025 23:40;12520;GOOD;21561;GOOD;3849;GOOD;7058;GOOD;27886;GOOD;5190;GOOD
21/08/2025 23:41;12520;GOOD;21561;GOOD;3849;GOOD;7071;GOOD;27886;GOOD;5190;GOOD
28/08/2025 08:21;12520;GOOD;21561;GOOD;3849;GOOD;7071;GOOD;27895;GOOD;5190;GOOD
29/08/2025 00:22;12520;GOOD;21561;GOOD;3851;GOOD;7071;GOOD;27895;GOOD;5190;GOOD
29/08/2025 00:31;12520;GOOD;21561;GOOD;3851;GOOD;7075;GOOD;27895;GOOD;5190;GOOD
29/08/2025 02:59;12520;GOOD;21571;GOOD;3851;GOOD;7075;GOOD;27895;GOOD;5190;GOOD
04/09/2025 09:32;12520;GOOD;21571;GOOD;3851;GOOD;7075;GOOD;27903;GOOD;5190;GOOD
04/09/2025 09:43;12527;GOOD;21571;GOOD;3851;GOOD;7075;GOOD;27903;GOOD;5190;GOOD
04/09/2025 23:40;12527;GOOD;21576;GOOD;3851;GOOD;7075;GOOD;27903;GOOD;5190;GOOD
05/09/2025 01:06;12527;GOOD;21576;GOOD;3851;GOOD;7076,8;GOOD;27903;GOOD;5190;GOOD
05/09/2025 01:15;12527;GOOD;21576;GOOD;3853;GOOD;7076,8;GOOD;27903;GOOD;5190;GOOD
11/09/2025 09:30;12527;GOOD;21576;GOOD;3853;GOOD;7076,8;GOOD;27908;GOOD;5190;GOOD
11/09/2025 09:44;12531;GOOD;21576;GOOD;3853;GOOD;7076,8;GOOD;27908;GOOD;5190;GOOD
11/09/2025 22:44;12531;GOOD;21581;GOOD;3853;GOOD;7076,8;GOOD;27908;GOOD;5190;GOOD
12/09/2025 02:49;12531;GOOD;21581;GOOD;3853;GOOD;7077,366;GOOD;27908;GOOD;5190;GOOD
12/09/2025 02:51;12531;GOOD;21581;GOOD;3855,83;GOOD;7077,366;GOOD;27908;GOOD;5190;GOOD
18/09/2025 09:15;12531;GOOD;21581;GOOD;3855,83;GOOD;7077,366;GOOD;27915;GOOD;5190;GOOD
18/09/2025 09:48;12534;GOOD;21581;GOOD;3855,83;GOOD;7077,366;GOOD;27915;GOOD;5190;GOOD
18/09/2025 22:29;12534;GOOD;21581;GOOD;3855,83;GOOD;7077,965;GOOD;27915;GOOD;5190;GOOD
18/09/2025 22:31;12534;GOOD;21581;GOOD;3858;GOOD;7077,965;GOOD;27915;GOOD;5190;GOOD
18/09/2025 23:02;12534;GOOD;21588;GOOD;3858;GOOD;7077,965;GOOD;27915;GOOD;5190;GOOD
25/09/2025 08:37;12537;GOOD;21588;GOOD;3858;GOOD;7077,965;GOOD;27915;GOOD;5190;GOOD
25/09/2025 09:52;12537;GOOD;21588;GOOD;3858;GOOD;7077,965;GOOD;27922;GOOD;5190;GOOD
25/09/2025 23:02;12537;GOOD;21595;GOOD;3858;GOOD;7077,965;GOOD;27922;GOOD;5190;GOOD
25/09/2025 23:58;12537;GOOD;21595;GOOD;3858;GOOD;7077,965;GOOD;27922;GOOD;5193;GOOD
02/10/2025 09:17;12540;GOOD;21595;GOOD;3858;GOOD;7077,965;GOOD;27922;GOOD;5193;GOOD
02/10/2025 09:48;12540;GOOD;21595;GOOD;3858;GOOD;7077,965;GOOD;27927;GOOD;5193;GOOD
02/10/2025 22:38;12540;GOOD;21600;GOOD;3858;GOOD;7077,965;GOOD;27927;GOOD;5193;GOOD
03/10/2025 00:32;12540;GOOD;21600;GOOD;3858;GOOD;7080,683;GOOD;27927;GOOD;5193;GOOD
03/10/2025 00:37;12540;GOOD;21600;GOOD;3863;GOOD;7080,683;GOOD;27927;GOOD;5193;GOOD
03/10/2025 00:55;12540;GOOD;21600;GOOD;3863;GOOD;7080,683;GOOD;27927;GOOD;5195;GOOD
09/10/2025 09:00;12540;GOOD;21600;GOOD;3863;GOOD;7080,683;GOOD;27934;GOOD;5195;GOOD
09/10/2025 10:53;12542;GOOD;21600;GOOD;3863;GOOD;7080,683;GOOD;27934;GOOD;5195;GOOD
09/10/2025 23:16;12542;GOOD;21600;GOOD;3866;GOOD;7080,683;GOOD;27934;GOOD;5195;GOOD
10/10/2025 00:22;12542;GOOD;21606;GOOD;3866;GOOD;7080,683;GOOD;27934;GOOD;5195;GOOD
10/10/2025 03:38;12542;GOOD;21606;GOOD;3866;GOOD;7080,683;GOOD;27934;GOOD;5196;GOOD
16/10/2025 06:03;12544;GOOD;21606;GOOD;3866;GOOD;7080,683;GOOD;27934;GOOD;5196;GOOD
16/10/2025 07:33;12544;GOOD;21606;GOOD;3866;GOOD;7080,683;GOOD;27944;GOOD;5196;GOOD
16/10/2025 23:23;12544;GOOD;21606;GOOD;3866;GOOD;7080,683;GOOD;27944;GOOD;5197;GOOD
17/10/2025 01:02;12544;GOOD;21606;GOOD;3866;GOOD;7083,849;GOOD;27944;GOOD;5197;GOOD
17/10/2025 01:11;12544;GOOD;21606;GOOD;3868;GOOD;7083,849;GOOD;27944;GOOD;5197;GOOD
23/10/2025 08:50;12551;GOOD;21606;GOOD;3868;GOOD;7083,849;GOOD;27944;GOOD;5197;GOOD
23/10/2025 09:53;12551;GOOD;21606;GOOD;3868;GOOD;7083,849;GOOD;27948;GOOD;5197;GOOD
23/10/2025 22:13;12551;GOOD;21606;GOOD;3871,57;GOOD;7083,849;GOOD;27948;GOOD;5197;GOOD
23/10/2025 22:36;12551;GOOD;21606;GOOD;3871,57;GOOD;7085,51;GOOD;27948;GOOD;5197;GOOD
23/10/2025 23:14;12551;GOOD;21619;GOOD;3871,57;GOOD;7085,51;GOOD;27948;GOOD;5197;GOOD
24/10/2025 01:03;12551;GOOD;21619;GOOD;3871,57;GOOD;7085,51;GOOD;27948;GOOD;5198;GOOD
30/10/2025 09:59;12551;GOOD;21619;GOOD;3871,57;GOOD;7085,51;GOOD;27954;GOOD;5198;GOOD
30/10/2025 10:54;12555;GOOD;21619;GOOD;3871,57;GOOD;7085,51;GOOD;27954;GOOD;5198;GOOD
30/10/2025 23:20;12555;GOOD;21626;GOOD;3871,57;GOOD;7085,51;GOOD;27954;GOOD;5198;GOOD
30/10/2025 23:44;12555;GOOD;21626;GOOD;3871,57;GOOD;7085,51;GOOD;27954;GOOD;5199;GOOD
31/10/2025 01:14;12555;GOOD;21626;GOOD;3871,57;GOOD;7108,033;GOOD;27954;GOOD;5199;GOOD
31/10/2025 01:17;12555;GOOD;21626;GOOD;3874,4;GOOD;7108,033;GOOD;27954;GOOD;5199;GOOD
06/11/2025 09:03;12558;GOOD;21626;GOOD;3874,4;GOOD;7108,033;GOOD;27954;GOOD;5199;GOOD
06/11/2025 09:45;12558;GOOD;21626;GOOD;3874,4;GOOD;7108,033;GOOD;27961;GOOD;5199;GOOD
06/11/2025 23:02;12558;GOOD;21632;GOOD;3874,4;GOOD;7108,033;GOOD;27961;GOOD;5199;GOOD
06/11/2025 23:32;12558;GOOD;21632;GOOD;3874,4;GOOD;7108,033;GOOD;27961;GOOD;5200;GOOD
07/11/2025 02:04;12558;GOOD;21632;GOOD;3874,4;GOOD;7109,818;GOOD;27961;GOOD;5200;GOOD
07/11/2025 02:07;12558;GOOD;21632;GOOD;3876,5;GOOD;7109,818;GOOD;27961;GOOD;5200;GOOD
13/11/2025 08:09;12562;GOOD;21632;GOOD;3876,5;GOOD;7109,818;GOOD;27961;GOOD;5200;GOOD
13/11/2025 08:47;12562;GOOD;21632;GOOD;3876,5;GOOD;7109,818;GOOD;28049;GOOD;5200;GOOD
13/11/2025 23:22;12562;GOOD;21638;GOOD;3876,5;GOOD;7109,818;GOOD;28049;GOOD;5200;GOOD
20/11/2025 07:56;12562;GOOD;21638;GOOD;3876,5;GOOD;7109,818;GOOD;28057;GOOD;5200;GOOD
20/11/2025 08:36;12566;GOOD;21638;GOOD;3876,5;GOOD;7109,818;GOOD;28057;GOOD;5200;GOOD
20/11/2025 22:30;12566;GOOD;21644;GOOD;3876,5;GOOD;7109,818;GOOD;28057;GOOD;5200;GOOD
21/11/2025 00:01;12566;GOOD;21644;GOOD;3876,5;GOOD;7109,818;GOOD;28057;GOOD;5201;GOOD
21/11/2025 00:33;12566;GOOD;21644;GOOD;3876,5;GOOD;7112,5;GOOD;28057;GOOD;5201;GOOD
21/11/2025 00:33;12566;GOOD;21644;GOOD;3880,5;GOOD;7112,5;GOOD;28057;GOOD;5201;GOOD
27/11/2025 08:04;12566;GOOD;21644;GOOD;3880,5;GOOD;7112,5;GOOD;28067;GOOD;5201;GOOD
27/11/2025 09:36;12570;GOOD;21644;GOOD;3880,5;GOOD;7112,5;GOOD;28067;GOOD;5201;GOOD
27/11/2025 23:10;12570;GOOD;21652;GOOD;3880,5;GOOD;7112,5;GOOD;28067;GOOD;5201;GOOD
27/11/2025 23:18;12570;GOOD;21652;GOOD;3880,5;GOOD;7112,5;GOOD;28067;GOOD;5202;GOOD
28/11/2025 03:25;12570;GOOD;21652;GOOD;3880,5;GOOD;7113,102;GOOD;28067;GOOD;5202;GOOD
28/11/2025 03:26;12570;GOOD;21652;GOOD;3883,1;GOOD;7113,102;GOOD;28067;GOOD;5202;GOOD
04/12/2025 06:02;12574;GOOD;21652;GOOD;3883,1;GOOD;7113,102;GOOD;28067;GOOD;5202;GOOD
04/12/2025 08:30;12574;GOOD;21652;GOOD;3883,1;GOOD;7113,102;GOOD;28077;GOOD;5202;GOOD
04/12/2025 23:37;12574;GOOD;21652;GOOD;3883,1;GOOD;7113,102;GOOD;28077;GOOD;5203;GOOD
05/12/2025 00:29;12574;GOOD;21659;GOOD;3883,1;GOOD;7113,102;GOOD;28077;GOOD;5203;GOOD
11/12/2025 09:14;12578;GOOD;21659;GOOD;3883,1;GOOD;7113,102;GOOD;28077;GOOD;5203;GOOD
11/12/2025 10:39;12578;GOOD;21659;GOOD;3883,1;GOOD;7113,102;GOOD;28085;GOOD;5203;GOOD
12/12/2025 00:06;12578;GOOD;21659;GOOD;3883,1;GOOD;7114,516;GOOD;28085;GOOD;5203;GOOD
12/12/2025 00:09;12578;GOOD;21659;GOOD;3890;GOOD;7114,516;GOOD;28085;GOOD;5203;GOOD
12/12/2025 01:48;12578;GOOD;21665;GOOD;3890;GOOD;7114,516;GOOD;28085;GOOD;5203;GOOD
12/12/2025 02:29;12578;GOOD;21665;GOOD;3890;GOOD;7114,516;GOOD;28085;GOOD;5204;GOOD
18/12/2025 08:51;12578;GOOD;21665;GOOD;3890;GOOD;7114,516;GOOD;28091;GOOD;5204;GOOD
18/12/2025 12:12;12582;GOOD;21665;GOOD;3890;GOOD;7114,516;GOOD;28091;GOOD;5204;GOOD
18/12/2025 23:10;12582;GOOD;21670;GOOD;3890;GOOD;7114,516;GOOD;28091;GOOD;5204;GOOD
25/12/2025 07:23;12585;GOOD;21670;GOOD;3890;GOOD;7114,516;GOOD;28091;GOOD;5204;GOOD
25/12/2025 08:20;12585;GOOD;21670;GOOD;3890;GOOD;7114,516;GOOD;28097;GOOD;5204;GOOD
25/12/2025 22:27;12585;GOOD;21676;GOOD;3890;GOOD;7114,516;GOOD;28097;GOOD;5204;GOOD
25/12/2025 23:53;12585;GOOD;21676;GOOD;3890;GOOD;7122,174;GOOD;28097;GOOD;5204;GOOD
25/12/2025 23:56;12585;GOOD;21676;GOOD;3894;GOOD;7122,174;GOOD;28097;GOOD;5204;GOOD
01/01/2026 08:13;12585;GOOD;21676;GOOD;3894;GOOD;7122,174;GOOD;28099;GOOD;5204;GOOD
01/01/2026 09:33;12588;GOOD;21676;GOOD;3894;GOOD;7122,174;GOOD;28099;GOOD;5204;GOOD
01/01/2026 23:06;12588;GOOD;21680;GOOD;3894;GOOD;7122,174;GOOD;28099;GOOD;5204;GOOD
01/01/2026 23:35;12588;GOOD;21680;GOOD;3894;GOOD;7122,872;GOOD;28099;GOOD;5204;GOOD
01/01/2026 23:39;12588;GOOD;21680;GOOD;3894,83;GOOD;7122,872;GOOD;28099;GOOD;5204;GOOD
02/01/2026 00:39;12588;GOOD;21680;GOOD;3894,83;GOOD;7122,872;GOOD;28099;GOOD;5205,65;GOOD
